x1,x2,x3,x4,x5,x6,y
-0.12984081806455344,0.8366507843826377,0.17420018117775593,-1.0,1.0,1.0,7.800518671878733
0.46101349503399547,-1.0,-0.8473278596980369,-1.0,-1.0,-0.8963040872360875,8.169408795768557
-0.8819374518911445,-0.9816488885955085,-1.0,-0.2072917824728252,1.0,-0.10592550441270472,-4.327672761357673
1.0,1.0,0.8030040340326481,0.17391386025873135,1.0,0.3130743904827485,-4.031242844560414
-1.0,-0.8340631530959909,0.4362138757757712,-0.8620348121120913,0.013974016214084894,-0.28403989467824403,1.399355362935865
0.7357933321297874,1.0,1.0,0.2558578119378323,0.7142323269985323,-0.009966022526173901,-3.9623010706995974
-0.5425334070083032,0.7215269693909188,-1.0,0.07113748277860937,-0.5368259899978405,-0.24900656084190342,0.6596970503477378
-0.603271132134493,-0.32727709154348794,-1.0,0.08484493054873521,-0.9554580230576525,0.21069734602725015,-2.8825400676259147
-1.0,-0.7525023450340322,-0.46609079271955867,-1.0,-0.5614183554802483,-0.6906690519878103,1.2967687128459426
0.8662610282803165,-0.5075100363208102,0.07728224262773031,-0.9144489894281589,0.9403730551615348,-0.18350331865177677,-0.23199019936197496
0.22410097340233692,0.04537720649385142,-1.0,0.3019696897052312,0.06776324680340448,0.1854206279945888,-0.38578194597681487
-1.0,-0.46715578073288033,-0.7937723289249374,-0.6685874927678459,1.0,0.8329703654661011,3.3786718405007807
0.7203901037613392,0.22057019659572197,-0.19427261146023023,0.4297160110536341,-0.7060037262727161,0.15542089732836384,1.5948342190651532
-1.0,-0.1252121205487029,-0.07266998781518264,-0.7873401226358447,-0.9657782768142513,-1.0,0.033371924132332975
-1.0,-1.0,-0.001787326372969824,-0.5473320409523096,-1.0,-0.9866768689904248,3.0212483742600638
-1.0,-1.0,-1.0,-0.0432281478314982,-0.9050152266571815,-0.2659057190591997,-6.56415817175332
0.15204320969455787,-1.0,0.9718028191001632,0.23323420863050187,-0.3086215848463232,0.6465623463465859,1.7337358831257654
0.8948147531012136,0.2510885430296992,0.15087135389129963,-0.5356076214222381,0.4867769160701505,0.25241089153285157,-1.3288863698829725
-0.4609587854172519,-1.0,-1.0,-0.8637936592068545,1.0,1.0,1.0780882773255
-0.06946293368575762,-0.6159145221887139,-0.03947172086548112,-1.0,0.7867756227076113,0.022987230085534605,1.053233068875074
1.0,-1.0,-1.0,0.10171091650225061,0.13481785311912634,-0.1513970419650723,-1.5114748025675964
-0.535635245304027,-1.0,-1.0,-0.7486724732200774,-1.0,-1.0,3.7171620098577627
1.0,-0.3477311904957281,0.6017548272752062,0.6676034529383764,0.909078901562349,0.8623857344416836,-1.196059512356072
-1.0,-1.0,-0.2664454799710849,-0.16420389885179665,0.468525861951946,-1.0,5.5987542228810145
-0.6974131655336497,-1.0,-1.0,-0.43891798248224345,-0.4382429437481673,1.0,1.7982887779443362
0.2997834030897837,-1.0,-0.9515338401263578,0.7051968955748071,0.660742945862501,1.0,2.7201406850941092
0.010766391235918826,-0.25970124103132625,0.3856283270233365,0.9202220660546017,1.0,-0.2917530697738624,1.5237698048956219
0.571203386635606,-0.07254968621299407,1.0,0.9827061448732242,-0.5649029168572751,0.45313329537592306,-1.7621970605921329
-0.5614320225483402,0.9633647039581182,0.27464069463491436,-1.0,0.3742002471565453,0.9928159650688861,3.0393438564028923
-0.016318676661478237,-0.33180627689462094,-0.14979300523219896,0.09549665119849116,0.6607621068113305,-0.03696385470601192,0.7362610363080937
0.011842641466536852,-0.48201892669831264,1.0,1.0,0.832513966249673,0.5755576796446408,-1.8443150012015754
0.4087058716375447,1.0,0.6805964365093398,0.34615016347797667,-1.0,-0.43578562108310626,0.6079288736644325
0.27770239893534193,-1.0,-0.12603151367154442,-1.0,-0.5212687314151068,-1.0,7.482337349319941
-0.14444488771889374,-0.020928088943562573,1.0,0.24397312889837044,1.0,-0.5611104346218017,-0.16394892028895866
0.7040893752114331,1.0,0.0730376934696379,0.6776549388837037,-0.4457955929014734,-0.40021099464422405,1.8704821713010509
1.0,0.7411871455975425,0.23225459314934516,0.2891273917347468,0.3335485457798708,-0.6165992721408144,1.0654880691318396
-0.41827440541643374,0.1873872809242153,0.0075811353308790075,0.5476870496354675,0.9424351944460154,-0.4989421861106752,1.9484700627995544
-0.525365261778318,0.856821944854265,-0.6888968332878,-0.4358801822514178,-0.9583703866888948,-0.7748505337151961,-1.4411063535900726
-0.061068379252721045,-0.06266038176055883,0.3883467405206149,-1.0,0.3189793587478064,0.491644395031997,-0.6372908541012073
0.06914455904553746,0.15743012863178563,-1.0,-1.0,-0.17135579936481382,-0.3167455912939381,-1.5095633591778177
-0.37887583803548086,-0.17250037700460558,-1.0,0.2815090907474278,0.3152443714322526,-0.4652272215107318,-0.39392046843275974
0.9965296373446317,0.1898841695640332,1.0,1.0,-0.6618783126945872,1.0,0.6645933265539391
0.28014187368550214,0.0865689054804124,-0.021065898989148124,0.21605363975930048,-0.5374163475813133,0.2804200667136313,0.0810497858066983
-1.0,-0.9296661953818895,-0.7694007198494393,-1.0,0.4365334146522275,-1.0,4.088246687701664
0.11701477297003682,0.636366474740413,1.0,1.0,0.8907489847809503,1.0,-2.76151715343875
-0.8316634834757864,0.11379916305156809,-0.4449443274373249,-0.2998451190436906,-1.0,-1.0,-1.4029010068756582
-1.0,-0.18624248291835244,-0.19486933113040072,-1.0,0.24996107112230637,0.3162883566080674,0.32767662700573236
-1.0,-0.4977628373231051,-1.0,-1.0,0.5866024462247617,-0.7689938679931586,2.0939818726534853
1.0,0.8584465493283964,0.4706682132298421,0.20369890431758253,-0.6967855155413598,-1.0,5.8713610593403125
-0.0048892431617086896,-0.1640216307565645,-1.0,-0.8816990388553341,0.32296441233804896,0.6581776109741568,2.0722768736367585
0.28354998739884885,-0.42474014316296804,0.681982962126176,-1.0,-1.0,-1.0,6.26947398139178
-0.04486269609460222,0.30860365829751624,0.5189724700239404,-0.07886028163967157,-0.3379639747730967,-0.3183668753660245,-0.43460784105362243
-0.515083294365311,0.6428422985337863,0.27155992502305576,-1.0,1.0,0.7543210958844557,5.9487062713068255
1.0,0.34043048324107616,0.21759339925830568,0.20410941271323935,0.1876918111935224,1.0,1.642688634156298
0.5422412409873207,0.9113064629544403,1.0,0.7177242995085025,1.0,0.27615242076467594,-5.6967732930830355
-0.45834069817394985,-0.7331532000817287,-0.10524078122784541,-0.6465330678496548,0.11493874715869867,-0.17641410829080825,0.04407681506105013
0.6203117229359704,0.34880511400220593,-0.036904974504442745,0.5774170927855334,1.0,0.9842278624721883,2.554612922094135
-0.9298374903681462,0.37493055918760587,-0.6194375954848097,-1.0,-0.13757176150118866,-0.26149623054871246,-1.8786602406723052
0.8364305655168279,0.7772916558174546,0.03390277292096491,-0.6575953922947304,0.6751593190468623,1.0,3.935231470319006
0.07541875387139907,-0.24393103107335776,-0.35210574981560894,1.0,0.32267604653088877,1.0,5.1324906107476576
-1.0,0.9070082584726569,-0.7742802230975343,-1.0,0.36269061689176313,1.0,9.454699627871905
1.0,0.40346167310906145,0.7525982239938132,0.48331050389561314,-0.2677519091464404,-1.0,6.316181503737987
0.860678211566253,0.537595419565551,1.0,0.23899134073225703,-0.8955571862509486,0.3907038294710565,2.307641477855689
-0.7022020617536902,0.3085621055877689,0.10594969339666607,-0.864796478145458,-0.3832134761008188,-1.0,1.156419962861519
-1.0,-1.0,-0.7891573441104422,-1.0,0.20490938612189558,0.8571858004129441,-4.74921969635083
0.588470205087799,-0.18679827412814734,0.09818466488249916,-0.6531555109739561,-1.0,-0.2037134595691792,3.055119943011816
0.15103701118238663,-0.8567254438972625,0.3712282629425161,-0.5605692937986508,-0.743854437167258,0.35437142919524833,2.286565294848912
1.0,0.8199408099392249,1.0,0.11732871241099274,0.6945791022418062,-0.6540212793121674,-3.008145933548405
0.3372965525491129,0.678016469346128,-0.3974980739896793,0.02751352900478654,1.0,1.0,5.461170203792767
-1.0,-0.9718410348075082,-1.0,-0.41705057856042216,0.2851865473079579,0.5745799001677226,-2.6202745350003402
-0.15683205324917188,-0.2527254508864933,0.8802289584873926,0.606744735932451,1.0,1.0,1.3605003599083543
1.0,0.6964966063426989,0.7050673764607343,-1.0,0.3589215338315081,1.0,1.0196186094523028
-0.8750000318456748,-1.0,-1.0,-0.6212495259286648,0.6741914471811645,-0.6772875511067713,-1.69086886303749
0.703306803994787,0.27931750532353494,0.6820741386080826,-0.3330840389855533,0.945885508157384,0.23001123115009492,-2.4337534857502283
-1.0,0.41595151088489946,1.0,-0.20255507275241658,-0.6620907676343759,0.23905499487412663,-3.5362206952739164
0.4738598052279638,0.07811742484632545,-0.5080878203861007,-1.0,-0.5398036022673689,0.9451785577208016,5.344787769224579
0.8772205688452172,0.0605498950701604,0.14771299977609753,-0.021605514457194053,-0.7048680759031393,0.8981184651165984,4.197481969228991
0.520045714632769,1.0,0.3369288316409874,0.9792652762224285,0.3224748073542237,-0.525143831415977,0.5450218367477073
0.8349824070842062,-0.2601166011148335,-0.4816195291659076,0.23801968982794508,1.0,1.0,1.1035734088401856
-1.0,-1.0,-0.4377605180101418,-0.8808540715478663,-1.0,1.0,0.6831126905224709
0.7168380477744649,0.6300416243827569,-0.4124501931282322,0.7928671199933679,-1.0,0.3905586768220237,4.313378831553092
-0.18916298509971852,-0.26012996204019445,-0.2728173378814942,-0.6571790854719578,1.0,0.8684226851648289,3.2520876545217923
0.9023904316371654,1.0,-0.22930315425032893,1.0,1.0,0.5068083785845214,-2.428825823949071
0.673574098620709,1.0,1.0,1.0,-1.0,-0.43494034892423494,2.133647909481148
-1.0,-0.5335427424883827,-0.867383136866592,-0.748174830841968,0.30740506942077817,1.0,3.094377426477852
-1.0,0.43407452732701746,-1.0,0.39671601525596856,-0.16919082056185153,0.6038927256737154,2.9120076126865655
1.0,0.1994621972371522,0.6747122725853167,0.24754612041556978,0.14529258265715073,0.6647480381505024,0.06967031282825165
-1.0,-1.0,-0.07078712517182328,-1.0,-0.8359487938801565,0.2775241421506409,-1.4786752839339956
-1.0,-1.0,-0.06498535368844194,-1.0,-0.7524324015617293,-1.0,5.191165174549578
0.441591854284922,0.38675538905003526,0.8692818286945809,0.7423053358012721,0.37400028193790247,1.0,-2.054326795059428
-0.9202542597055103,-1.0,-1.0,-1.0,1.0,1.0,-1.2051010686908672
-1.0,-0.8980432758356383,-0.6578717025345464,-1.0,1.0,1.0,1.2113076484846341
0.12427076482185709,0.16246643052965928,-1.0,0.695076168072001,-0.5779467982892281,-0.7997446649671942,0.9428923005459552
-1.0,-1.0,-0.4081039622153835,-0.7417937576027314,0.6218116931317561,0.15707921590978624,-0.8270927041061729
0.22441753115908136,-0.2803428809053331,0.07390503075461671,0.1407023626601301,0.12808253116625523,0.4256385219754301,0.13780271879947667
-1.0,-0.9302593996930422,0.5831332710325355,-1.0,-1.0,-0.7798121938303808,5.717530663706948
-1.0,-0.44723740712523596,0.8545191889008068,-1.0,-0.21143508432073,-0.3155511815073751,-0.6174850347345808
-0.6002523610198771,0.36335580924358074,1.0,1.0,0.4264708107588302,0.9299148168671525,-2.6725691531028986
-1.0,-1.0,-1.0,-1.0,0.27789734465633165,-0.020591143193417677,-7.785627015516457
1.0,0.6670068828813362,0.9426046611656853,0.9436711199154608,0.8365395738934343,1.0,-6.399608009734008
-0.640239288837496,-1.0,-0.2800251773523257,-0.20796838255634115,-1.0,-0.7265497263395918,1.3701172790435145
-0.3470466734476454,-0.8436345530841571,-1.0,-0.2921778964837214,-0.6819632392594264,-0.32785634115555906,-2.0899818126167506
-1.0,-1.0,-0.6846900250799665,-1.0,-1.0,-0.11211893226705144,-0.5848295227700391
0.9057781275587659,0.8943627489526722,1.0,-0.6893935027526865,0.8025044705036477,0.5603763383040656,-2.743357166952509
0.38164576897528235,-0.5373733447052499,0.20880270219492048,-0.9375222610510763,0.13967001485849062,0.01856739435268817,-0.5348488787170267
1.0,1.0,1.0,0.0006446742506525105,-0.37481317112719337,1.0,-1.3298538004706453
-1.0,0.2870170975051354,-1.0,0.358672723604113,-0.15180509762825745,-0.26774702015358887,-0.36898170367755934
1.0,0.4522241940587046,-0.15468134346994317,-0.03554884997353103,-0.6524999416890175,1.0,6.312862304827647
0.09453429075014963,0.3150144528428289,1.0,0.9205284796622364,-0.2762342293970088,-0.496129916645327,-0.9625214499031851
1.0,0.6281320840164795,0.8918985822248523,0.10846294621244568,-0.08100030425027036,-1.0,2.7550492132186246
-0.45756438131101296,0.08208667060242192,1.0,1.0,-0.454632985740799,-0.9810994067302798,1.107789880773262
1.0,0.1457822309479968,0.2471916704239142,0.6535985416924202,-0.2612612927278485,-0.49043603443911177,1.659758533336754
-0.05612799114582823,-0.026856504394740854,0.5727360449488734,-0.5454234504406947,-0.1790817057446028,-1.0,2.667493946569311
-0.06956193249814568,-0.9499744671366979,-0.10511537473491306,0.05053915606032239,-0.3852319647452602,0.4851110693664821,-0.3934032114182858
-0.4937186500355518,-1.0,0.22752416735793868,-0.3225207095414419,-0.6910811802754064,-1.0,4.7382154448969915
0.6346356978536837,0.999651289199442,-0.9094465748639577,-0.9953471563265158,-0.9394186274795087,-0.022802529922494583,5.9113851546662834
1.0,0.3563208700545447,1.0,0.842415817815902,-0.6022419905638026,-0.20461698608278353,3.759858065070675
0.8977182711184022,-0.5029861837757585,0.9759233352542468,0.21242173007720483,-1.0,1.0,2.410733562930075
0.022396240106429877,0.9582847074243941,0.5022664857025618,-0.3261394407939579,-1.0,-1.0,-0.3907100121928037
1.0,0.8188221525318011,1.0,1.0,-1.0,-1.0,8.72182864514551
0.03403035237238694,-0.42111486491000316,0.32861464400996676,-1.0,-0.40838157581520435,0.23437420141519938,0.8077380815785222
0.5916470843392938,0.5456381301734226,-0.41889872595385036,-0.8120047966887809,-0.5662224672124128,-0.021133109804911787,1.3959211711140853
-0.08624103488661139,-1.0,-1.0,-0.03897639407169273,0.20935299526130002,-0.45947942091414135,-1.6984540252669924
-0.14761110862951796,-0.39560797968290073,-0.5345360977964825,-1.0,-1.0,-1.0,3.5559286042425335
-0.2315706227280671,-0.799965074504661,-0.3561689024112489,1.0,0.2306096307158595,0.0472705318466487,-0.9609742934355457
0.013725176190462485,-0.5554529422668967,-0.9101521136233903,-1.0,-1.0,0.1181358897436515,1.7226483059246573
-1.0,-1.0,-1.0,-0.5495295867556445,0.13418630043456692,0.943957576143984,0.5997127550848997
-1.0,-1.0,-0.5654045978648279,-1.0,1.0,-0.4908560497762535,1.5638014584660362
0.09227523409299893,1.0,0.5152747996262647,0.631260652191453,-1.0,-0.8804553195500556,2.549853656974504
1.0,1.0,0.7118662164366762,1.0,-0.7373134658368597,-1.0,9.256630229564548
0.730960017570856,0.6430312383134147,0.18631852916010172,1.0,-0.461802574121838,0.8923166914033885,3.7512621919428097
-0.18206080101022565,-1.0,-0.26647207805791256,0.04626695466225028,0.4338122828056017,-1.0,2.7876144133633414
-0.1397630168441728,-0.8486574702749188,-1.0,0.43085888240039066,-0.8976637692300907,0.5279388641742165,-0.5961887627855211
0.19098768339484798,-0.32974663674341814,0.7014260954111884,-0.983379540745011,-0.5173991894366647,-1.0,4.159859393330556
-0.032209535309496995,1.0,-0.22057577051168875,-0.5847818297150154,0.18942344187339966,-1.0,0.36847234886002467
0.770610793320086,0.2890999133366419,0.7100166202356706,0.11461054658677056,-1.0,-0.9772559455265499,6.514951453312664
0.4129405416736664,-0.9973582884416639,-0.5937160717850544,0.37915033678358917,0.8137475721001364,1.0,1.767348297135041
-1.0,-0.7300784414131085,-0.14807682359739882,-1.0,1.0,1.0,3.639653777214995
0.40310636566432334,1.0,0.30577507664351783,-0.08338452329227819,-0.34904122847665103,-0.06266362068091291,-0.08134285935635266
0.5680623303878369,0.9619796865093573,0.2142174155588341,0.583646217056577,-0.20755599691515994,-0.8877797368131431,3.591072161763291
-0.22440661285461588,-1.0,-0.13436894352479148,-0.8112805875425795,0.9124967205400183,0.4531264606372922,0.48410756792849674
0.3821963143643653,0.20703949795142673,0.4216328533063295,1.0,-0.07619003030368643,-1.0,4.11319081451892
-0.8178604079818105,-0.5908077483530345,1.0,0.6432017835547755,-0.7903257270545655,1.0,-4.623730466458398
-1.0,-0.15931023737314143,-0.709768996266753,-1.0,-0.5937127887941918,-1.0,3.2717345304276693
1.0,1.0,-0.655825085925311,1.0,-0.7420045654910191,-0.5529172340738544,7.410384996478551
-1.0,-1.0,-1.0,-1.0,-0.30091682164584177,-0.9266141845946315,1.6478423777459417
0.5927213939037328,0.7036778130037475,0.22307230718396953,1.0,-0.6326676081230898,1.0,4.51904067187116
0.7484555141257941,-0.9170209307422234,-0.5702694381054816,-1.0,-0.8496690727205888,-0.6190806132535337,7.086274322680448
-0.31619500943846607,0.3193538213458776,0.419396802951896,0.7037776919997015,1.0,0.36723499278858385,0.26903050910958715
-0.9894705346174693,-1.0,-0.6509949769386671,0.20714538945738348,-1.0,-1.0,-1.9530883788492568
1.0,1.0,0.0657990944104001,0.22323664397362508,1.0,1.0,1.166829421604462
-0.5856880629208849,0.45427715388565937,1.0,0.9538126997190662,1.0,0.17277173396632378,-2.059582738439172
1.0,1.0,-0.31870381122569075,1.0,-0.8583044087737292,-0.36148211560466925,7.13979487102635
-0.26855532886372857,-1.0,0.5174955847946265,-0.7858301564422155,-1.0,-0.722620010331309,6.192643782569048
-0.3695087981597579,-0.590132895852313,-1.0,-0.01977601885699809,1.0,0.3136876570881875,-0.3665646186489701
-0.7634308093275878,-1.0,-0.473876498135811,0.10103767618068929,-0.15819182497474782,-1.0,2.743289363231643
-1.0,-0.498270409382098,-0.6128750976254647,-0.5488934782308741,-0.0798825893368974,-0.12910484318955256,-0.8486028387672659
1.0,0.6020879434459425,0.6441853290007855,1.0,-0.20777084018661207,-0.35333292748903367,1.5441703082268818
0.7727603428821488,0.5235290144297892,-0.2840786218039968,-0.46783005528239585,-0.09268564878831015,-0.6732668372853899,1.1130199253563873
1.0,0.729726642721672,0.3067295750127541,0.39160487744658345,1.0,0.007247375152863111,-3.317379863233911
-0.08049789943348284,0.5523969636992166,-0.5726057315546783,0.08064923648928979,1.0,1.0,7.6853108972383986
0.43284458899867473,1.0,1.0,1.0,0.3073805965722304,-1.0,-0.9698030237067254
0.1721515840157556,-1.0,-1.0,0.11798633243923973,-1.0,-0.34102974150212817,-2.0613418544231297
0.00893516415118406,-0.9532708845067746,-0.3435796282250092,-1.0,-0.05637550031231098,-0.8828786757631553,3.6201754853505834
-0.73711641966995,1.0,1.0,0.39616606924339537,0.19523007535452125,1.0,-5.0236044965067626
-1.0,-1.0,-1.0,-1.0,0.30696342066210347,-1.0,3.6649104404529353
-0.04194059483582424,-0.7072909316073865,-1.0,-1.0,-0.5355766209454309,1.0,4.178449184945043
1.0,0.023738173201032442,0.22344427803104128,1.0,-1.0,-1.0,8.90688089876536
-1.0,-1.0,-0.0919828331209902,-0.23040710582249013,1.0,-0.6193684828363812,4.66955444846976
0.37200686353970036,-0.3374670276816613,-0.4087793956582425,1.0,0.8867338878964992,0.09974283888924407,-0.9397183690335611
-1.0,-1.0,-0.6661503877942534,-1.0,-0.04939230687628665,-0.1898280552416282,-4.115747985006569
-1.0,-1.0,-1.0,-1.0,0.5147356147943105,0.701646727347098,-6.277631953349756
0.22836411581870292,-0.46366511979589115,-0.3223627520704122,-0.6626660930808836,1.0,0.7120755180871908,0.851789709371751
-0.511499529488513,-1.0,-1.0,-1.0,-0.7612157933171564,-0.6643647943346009,1.1678951992489517
-0.4892482556812572,-0.21868488125471308,-1.0,-1.0,0.7333425260223208,0.7867802908645569,3.99357583390413
-0.8981621681178675,-1.0,-0.43601481427799044,-0.42449108915613254,0.49882540256764807,-1.0,4.476801020431565
0.6539050608835197,-0.12593512138646926,0.17513707395487255,0.7393843534306161,-0.03814452382971556,0.48386538735947116,-0.4164749312461774
0.07476419377887653,1.0,1.0,-0.06615823033378598,-0.5527250914235466,-1.0,-1.7229517010517363
-0.6955063542149211,0.6808089629009131,0.32985072466141985,-0.9276134797212983,0.5436413190500585,0.17865271587553588,0.7624863669249902
0.8850515797447189,1.0,0.3019139541910175,0.6780882929395844,0.015815544715774843,-0.6522082577998606,1.913762438250467
1.0,1.0,1.0,1.0,1.0,0.5241887260450211,-9.975518119722596
-0.8705128840522525,0.6835100152432801,1.0,1.0,-0.19673266766545972,1.0,-6.56022293572265
-1.0,-0.7152472744431453,-0.8375605124023036,-1.0,-1.0,-0.576360740421473,1.5241193391696444
0.14332672256809195,0.35969328183675253,-0.0759410325423647,-0.3275185990682402,0.5106618041526564,0.009388215677281292,0.28763954977735473
-0.09574659147807119,0.5306554427612518,0.6086212441204972,1.0,-0.596857117523665,0.04726566877543992,-1.147011950638194
0.7802132983309411,0.12709422249734334,0.18895315254025402,0.7711941380630944,-0.007705649210502166,-0.1259556231225517,-0.1446589544154812
-0.4440223608549362,0.07123551945212328,-0.24701552701922458,0.04303454766443582,-1.0,-1.0,-0.24823564938225237
0.2617356591456997,0.1300811226080995,-0.702831668804577,0.35147923335708636,1.0,0.7669637550300252,2.901974958857835
0.6799537284441495,0.2417809261336592,1.0,0.11868691250452368,-0.33629240239257685,-1.0,3.7661172321728533
1.0,0.6090522352921568,1.0,1.0,0.4166064376669353,0.6340341435517804,-4.487405660202712
1.0,0.7338105661805002,0.08365758629341902,-0.3094570418402661,-1.0,0.022612194181997336,2.2258076358939602
1.0,0.9761219261428682,1.0,1.0,-0.318675258842347,-1.0,4.544117558727968
-0.9094722276345768,0.4695830624740503,0.23838722835095963,-0.2501513634974045,0.7389516838115484,-0.2811970055925608,2.9102341494296846
-0.04537564934332661,0.9192592827855256,1.0,0.9067188174033011,0.14135456240923794,-0.7332889475117352,-2.4036496069736524
-0.2783941061042484,1.0,0.38602725950870004,-0.29262566798646605,-0.39308768927884263,-0.2236987504399348,-0.7796749946454784
1.0,0.7902996850804789,1.0,0.5447854446663754,-1.0,-0.9757927412428768,6.238570309587381
1.0,0.6452888189761601,1.0,1.0,-0.5631068763207345,-1.0,6.350640789684704
0.40311796297724845,1.0,-0.2973320114153387,0.9398537701280532,-0.4196720645696015,0.2969034042446934,2.344125131917033
0.5962817031819735,0.4263209456161383,0.8396739715012063,1.0,-0.4808204172052254,1.0,0.007627332726050123
-1.0,-0.8623308744189612,-1.0,0.22690790241832073,-0.5294534727474977,-1.0,2.650887117440112
0.5483301802946865,1.0,0.5350492156000983,1.0,-0.8183832747944298,-0.4581001949277832,3.319095350350988
0.3104103947582587,1.0,1.0,0.9240330282652645,-0.4314156123655301,-0.19832103609061452,-0.6627028346197983
1.0,0.902192980062946,1.0,1.0,-0.42069479727360815,-0.8424201367205866,4.788008831459118
-0.6966510673275913,0.380087371726131,0.4970515224014614,-0.16658627163469925,-0.21525808308027494,-0.22731271581733337,-1.2410797682883765
-0.0021793550084252544,-1.0,-0.8459798599063533,-1.0,0.21986762373080138,-1.0,2.2256084302983377
-0.26101019424966,0.5904196473543062,-0.48430370787422433,-0.5652002962648097,-1.0,-1.0,-0.7851558116136641
0.7068060076736992,-1.0,-0.2719223598809704,0.08973222968057509,1.0,-0.23483060439948256,-2.989530008868762
-0.5916576355629086,-1.0,-1.0,-1.0,0.9002435016447424,0.8253162911265484,-2.5575453528636745
0.02256508802549706,1.0,-0.009224787175528715,-0.3101841546448835,1.0,0.6353962583843802,3.215469052699646
0.5402810108801995,0.3223134734085253,-0.6537453804294681,0.4499233646064821,0.4428299116438388,1.0,3.209060069596722
-0.43326552719876654,1.0,1.0,-0.0621477439440874,-0.4997258600971114,0.24628655001882319,-2.6963894547316034
-1.0,-0.44846540146093206,-1.0,0.7594044017613212,0.022464682360513355,-0.10778651011945937,-3.0824453633408537
0.16429685994844645,0.7077589262153197,0.48995675482591006,1.0,0.7826130435587951,-0.9191015255851522,1.4018903298260534
1.0,0.6972490919085779,0.6180328939326856,1.0,0.2745191987950012,-0.4635617809896462,-0.08029931929254791
-0.5119144319168036,-1.0,-0.10094429169598487,-0.07419293068116373,-0.011141825697144725,-1.0,3.212418335411465
0.24305965094095233,-1.0,-0.7258663029037873,-1.0,-0.25498180695508843,-0.77734011226996,1.7116847955022836
0.3902642559300406,0.27329697805816666,-0.26679109142059065,0.1189363854095572,0.8151714119085454,-0.9239639683277625,0.6363851201917864
-1.0,0.4477718808864818,0.6806180190790584,-0.03887620777716161,-1.0,-1.0,-1.335798625371204
-0.6772178035922101,0.4303693995431018,0.04354148580051731,-0.13393415488583643,-0.3423642004624279,0.6423660366287407,-0.09252106373632582
-1.0,-1.0,0.22798016887015635,-1.0,1.0,-0.29842893671718745,3.8962934566840195
1.0,1.0,0.7553058321120252,1.0,-0.09436941930419518,0.007098050384429788,-0.5908740837688757
-0.037057191304193805,1.0,0.07125849733458,1.0,-1.0,-0.8520692981965577,5.260898521407878
0.43435357458822105,1.0,0.6474950547916843,0.8580881563883662,-1.0,-0.17874434212407686,1.4624033435345634
0.11173568506313514,-1.0,0.3019899131917331,0.3785691952464241,-0.7088445273731103,-0.8359966859920092,3.9693806450908586
1.0,0.18278655489171247,0.7155560615518992,1.0,-0.5395717931716416,0.9444588691782735,1.3869395005928447
0.16521886104770656,0.5276350700577501,1.0,1.0,0.8288001921036985,-0.10947527347024544,-1.9316834070552216
0.563101542752193,1.0,0.07696690665936046,0.1960634584050932,0.32213492020020373,0.853268184933939,1.7721796409485102
-0.4794364526293049,-0.5295327871648761,-0.1560155928744107,0.358128022426563,1.0,0.2602650175857968,1.344031330775009
-1.0,-0.08913340819977023,-1.0,-1.0,1.0,-0.540437324818151,1.4188181313827803
-1.0,-0.6694343900063945,-0.4940707678541113,-1.0,-0.4031750260150443,-1.0,4.008599738761624
0.29782746993899895,0.23377705166289725,-0.2518639123210981,-0.2098943577965181,-0.5515701439872924,-0.5902273453564926,1.2059965331998255
0.4662580848666914,0.41055220548648474,0.5499747221389752,0.6782262974097908,-0.6923757954587209,-0.16105048790254983,0.4991170319469356
0.2341661763085332,-0.2598757802359002,-0.7059399076049236,-0.274821173985011,-1.0,-0.6313595876196131,2.164696848605101
-1.0,-1.0,-0.8725326191136389,-0.5416467881722168,0.6147242755604668,1.0,1.5270401944602328
-1.0,-0.07532747262029359,-0.04600244949384624,-0.12535565564883577,0.415656433151771,1.0,2.0784662972128487
-1.0,0.15338837462814991,-0.03799812093456301,0.5404145081507746,0.11933691043045602,1.0,1.976272600595115
-0.5011293066873328,-0.7724771035417914,-0.5091064824876079,-1.0,0.2839873139922843,0.05071616232161716,-1.3942768028976054
-0.8047578388049728,-0.1709909856451141,0.4849185398214025,-1.0,-1.0,-0.8883533193929569,0.7127136870972678
0.3507306452519763,0.05986891658639537,1.0,-0.10772738982072833,-1.0,-0.16293581910055432,1.0351720153079704
-0.5871479809660027,-0.013342526563445034,0.20361676157043426,-0.6080644317411183,-0.2246090163718113,-1.0,2.1511908198409557
0.5619186069941573,1.0,1.0,1.0,1.0,-1.0,-5.562270891282032
-1.0,-1.0,-1.0,-0.9530473511262728,-1.0,-1.0,4.128458407567479
1.0,1.0,0.022643320992872418,-0.3939371307185353,-0.31182940675329696,-0.34886545265789337,0.8342421108193194
-0.5558790398182223,-1.0,-0.5058353790577657,-1.0,0.4838988856000185,-0.0623055195290631,-2.5597087303567942
-1.0,-0.9516407354986656,0.9387828138123505,0.8038105403534435,-0.17131844531745705,-0.39787338441245923,0.5050136391565662
0.06905835178119912,-0.20055772788658555,1.0,1.0,-0.7940772297721556,0.5629370611056218,-2.4514867737891946
1.0,1.0,1.0,0.5856946039523516,-0.3623816184116103,0.3023329493195488,-1.1334358695898261
-0.23622658740098323,-1.0,1.0,-1.0,-0.7608519404317198,-0.4420762026550715,6.243427338599071
-1.0,-0.21038412020094438,-1.0,0.13603605639061245,0.39183678997938665,1.0,7.808458904321303
-1.0,-1.0,-1.0,-1.0,0.783240397653492,0.18234209614756353,-7.326804410447779
0.01998219952942759,1.0,0.766588854155652,0.21806258912767162,0.48193145989188324,1.0,-0.14539351688977986
-1.0,-1.0,-0.45259616948625236,-1.0,-1.0,-1.0,5.3243394130327015
0.27764015961814903,0.3183599120258609,0.22343924740828025,0.5211201389407676,0.12788153132811653,0.5022750932539353,0.8129373917488607
0.8516178993153808,0.03742410001955632,0.7340708878327089,-0.5989022378672955,1.0,0.42618044336377825,-3.2490036938338807
1.0,0.035466859599248,0.6055169699208383,0.28914058423370026,0.29486686993288536,-0.4453159231996203,0.6796341789492553
-0.22182571889511815,1.0,-1.0,-0.2751118716232034,-0.34279713140331863,-1.0,4.260397275824842
1.0,-0.3923702386778176,0.14544174033771048,0.34005056306448916,1.0,1.0,-0.18782584133459548
-0.5842396982476172,0.35276269858507375,-0.7447854486947204,-1.0,-0.18598913485663837,-1.0,2.014109908080642
1.0,0.6659914259204591,0.3170360757634647,1.0,0.30048804062814805,0.7978667013854077,-0.9669238914904543
0.45047579343846356,1.0,1.0,0.8086577389674046,-1.0,0.24265390277336152,-1.835557992330864
0.6826123151030594,-0.2342273834120635,0.05422683163216789,0.8454569964751323,0.35840278852237223,-0.4623677880902706,-0.3205583689640294
-1.0,0.2275988010170445,-0.3364177930284349,-1.0,-0.13190268826542728,0.10005629223117085,-1.0970908496237295
0.05102518075302054,1.0,1.0,0.8341159015985171,-0.817929609773516,-0.3397980884530937,-1.097375486204413
-1.0,-1.0,-1.0,-1.0,0.949334048378082,0.6286804902805441,-5.900523307185781
-0.22186689757661762,-0.17152919733667715,0.4086346256450758,-0.40052992142773336,-0.019040981097259477,1.0,1.3561996325272743
-0.5741231776286622,-1.0,0.26450105869184604,-1.0,0.9168918284611778,0.4930725709621655,0.07554898657777587
-1.0,-0.45849661893107163,-1.0,-1.0,-0.2291004952250692,0.9980783142891005,3.0249838503920996
-0.5803889226984301,-0.9329260063974604,-0.7012453453678859,-1.0,-0.844360276587582,-1.0,4.77836900386922
-1.0,-0.8721589863074717,-0.9564422316692291,-1.0,-0.50078826447658,-0.9047425203656564,3.1745599746077797
0.18731690761280773,-0.8177950611937348,-0.8522572451037139,0.8100619140988428,0.5175013360607368,-0.32771642399714235,-3.068122057752504
0.4389448820287079,-0.6826274125927618,-0.4783356141666837,-1.0,-0.6822157883002077,-0.2990990274209191,3.288045871225314
-0.497028732058145,-1.0,-0.6928025513990529,0.04741615659438747,0.23143805580412158,0.3626459405939755,-1.656295708494695
-0.33139560158234527,-0.7273590729922892,-0.11281092414550065,-1.0,0.12451264668652745,0.5117176078129314,-1.7780603454105188
0.4139716516911902,-0.15874548935315702,-0.2590829369569162,0.6626797641323835,-0.9457148273270559,0.5192109056612373,2.7065989639613752
0.5017674865428368,0.24758361500039827,-0.8200635741052194,0.012975564213874247,-1.0,-0.6897842724720693,1.3922049122031184
0.16484392888040889,-1.0,0.9450424974372217,0.39415906027425346,-1.0,-0.7220701481838258,4.457970704907796
-0.2383542879213807,-1.0,0.3555382329222269,0.16826621102057648,-0.4023724477351893,0.487406688046919,-0.04498396101581842
-0.006081774149739427,-0.6011307582890317,-0.3746540192117245,-0.5598208429369222,0.7107908353901025,1.0,2.650727932062493
-0.5699903269556319,0.17394943937402618,-0.7686719564085485,-0.11424803698176067,1.0,0.3289575408453138,1.32301173988377
0.4039934212074763,0.1571842798621096,-0.2556482565881418,-0.37779600046093526,0.013148762774654682,0.15121473876489633,-0.5506771312627909
1.0,0.07345446376832027,0.001180288125325335,1.0,-1.0,0.07603467140691089,2.9914495576556335
0.592039641030596,0.606702024919068,0.13625411569986756,1.0,0.3040369690151331,-0.5282407588043462,1.2353205125419353
1.0,1.0,0.5958801378653091,0.019875373601448088,-0.7869086257455378,-1.0,4.066636500772225
0.9680473796891245,0.09665893580725082,0.7144701150873438,0.29649760769862277,0.12394828320594142,-0.21207167000505206,0.27314577365512055
-0.06149969119987664,-0.7991959318205466,1.0,-0.3382200499836057,-0.617071012007258,1.0,-1.4418831445667692
-1.0,-0.7539173992247028,-0.9703256281271336,-0.16199647195771183,-0.20751502027347904,0.46344530395535577,-1.3112060694810705
0.6721613476173156,1.0,0.13031380228816958,1.0,-0.6168469464210189,0.1428852550290044,3.143741717779548
0.053356583490167364,0.7978710415985167,-0.2992093678168743,-0.27294384668087834,0.21018357792044828,-0.048336256124189014,0.8713742720678476
-1.0,-1.0,0.07895095323252926,-0.5996215988498346,-0.7787133502172829,-0.9198654768830672,4.495372779887179
-0.7738182336272739,0.2457230594181126,-0.7133322353429177,0.9359610294085249,-1.0,0.6976930835177704,0.04265819623456785
-0.6405166796492912,0.8235308622963355,0.560463389444326,1.0,-0.9886282595471848,-1.0,2.0678913943346506
-0.5626686863034387,-0.5740748402032914,-0.5001254763017096,1.0,-1.0,-0.08353359791980408,-0.7196055277799844
1.0,1.0,1.0,0.7182241786046561,0.3439411603681032,-0.10910834401732455,-3.858659707232317
-0.5704911447835954,-1.0,-0.4973100114880506,-0.3788537037976608,1.0,1.0,2.501157822859031
1.0,0.3483688961968253,0.3655322164139435,1.0,1.0,0.08580226986031692,-3.3011449794275505
-1.0,-0.8695584180806963,-1.0,-0.6800172634088784,-0.16043735203974197,-1.0,4.16738732317855
0.4352762086277706,1.0,0.8986390339734446,0.8521234653136148,-0.2492479398829125,-0.5523334576034746,-0.787037923721538
1.0,-0.8518574152500258,0.603941944082208,-0.6615720730849484,-0.4481242873445341,-1.0,10.634425790648523
0.8584949060951192,0.26152999237327257,0.939965109850859,1.0,-0.5960371794960417,-0.08756313743012381,1.3775230994852101
0.998022582240832,0.02343792762093644,-0.1817400458708626,-0.8112817811006744,-1.0,-1.0,7.428325524071981
1.0,0.2013362584282527,-0.6028259761126784,0.010031922636315638,-1.0,-0.5079384161367371,4.250057303264507
0.8328324330009664,0.2505785689820931,-0.21184421591736394,0.7302800043499592,-1.0,-1.0,6.871145799527945
-1.0,-1.0,-0.29315536265928177,-1.0,0.0274339517055599,0.3586664721996581,-4.223693447529189
1.0,0.552839917600068,0.15903240788072748,0.013681341441850292,-0.5310406650275379,-0.44756375413962474,1.2244516008656896
1.0,-0.4841115260706254,0.9228903711798573,0.2342092502336028,0.3724577294783644,0.5126694118963573,-2.0653140016253033
0.946423585087674,1.0,0.8900447896555611,1.0,-0.52009331368624,-0.9110826729608454,5.107463316595175
1.0,-0.025722528602384664,0.43851488652194925,-0.6540027736409143,0.4739520418321853,0.21323309590383036,-1.2273082681367442
1.0,1.0,-0.18377778558266478,0.027233640242707136,-0.046792369852241195,0.7159792766349431,2.5873987741331503
0.03045165241428853,-0.015670057270859475,-0.23427936879229805,-0.25447795905315224,0.1827947556763332,0.7681445397728857,0.9336288767205082
0.1943388176196883,0.611666440021619,-0.10305807350458918,-0.4339993259324178,0.5598394238086396,0.6205579062867228,1.9772684984576758
-0.7238685792280658,1.0,-1.0,-0.9739863575532632,-1.0,-0.3878218784637968,0.4913650004352311
-0.8948991398167867,-0.30996882981094387,-1.0,0.47419722603248643,0.21045670141633005,-1.0,6.069450603432907
-0.9146520760691457,-0.2990200309873338,0.44756723183485797,-0.9285715394648719,-0.15223318491874538,-0.09482522916131897,0.3515733314079084
1.0,0.5929091542209832,0.6981190817443554,1.0,0.6304567768367451,0.3653018381694293,-4.227282937499445
1.0,0.3106438424661916,0.6190843189088504,1.0,-0.12880329210832103,-0.5740472420652981,3.0746577671658244
1.0,1.0,1.0,0.5040782709812719,-0.12941003850774835,0.6762818182693231,-2.545029151292421
0.8117450820004963,-0.9623246523066108,0.5637957063483756,-0.3848633558524329,-0.6384674635472949,0.05685379743719356,3.286719731256605
0.4865980930844799,0.17008577339863337,-1.0,0.25535184367113145,-0.165519720366603,0.1291598223890569,0.6377646534711044
-0.6881775283763956,-0.24621456418840038,-0.7337202327735587,-0.049250609297379455,-0.43673694605719104,-1.0,3.32616149867478
0.601583222859936,0.7087089777938791,0.9638402618277582,1.0,0.05705038293673459,-0.8120734430487769,0.6524949565152177
0.037244193913886225,0.041356756357667585,-1.0,-1.0,-0.18724000131968777,-0.14130203818900483,-0.9563945093157296
-0.33850421802914965,0.2658928657379035,0.18083958044859116,-0.7163356160304164,0.9941414545209053,0.56930184446197,3.27627156736885
-1.0,-1.0,0.14617025324073987,-0.4889617211507805,0.5676842574482214,1.0,1.1377600978022746
-0.6780702446212521,-0.2448696216957209,-1.0,0.3391083513312808,0.23392938760402215,-0.1978087783016339,-0.5430245389173177
-1.0,-1.0,-0.5926784156335221,-0.24144339451290064,1.0,-0.19490304229094277,0.8988734771875195
-0.2788620381610345,-0.45642681385492223,-0.29628704407342876,-0.5229142072006077,-0.9886467753356585,-0.7314999231670964,0.07392233826552697
0.3483991773682107,-0.8815188278057071,-0.9168319263282241,0.6086074237654375,-0.4753957117957843,-0.27195225601967576,-1.6802056650942765
-1.0,-1.0,-1.0,-0.06161664186946303,-0.3989757587895675,-0.040622572824611514,-5.615894170215945
-0.10996719349694817,-0.3347693640923035,-1.0,-1.0,0.7263394773106326,1.0,5.535625162325517
-1.0,-0.08704969601693957,-0.5155604478795374,-1.0,-0.06261180542223566,-0.5992931452798255,0.5530546791867383
0.07901984488546476,-0.4196986410193155,-1.0,-1.0,-0.5156520381777493,-1.0,2.8725673416175166
0.06038837600817981,1.0,1.0,0.2624655054069631,0.8466379151461529,1.0,-2.1865733210080465
0.16735324834011078,0.6497918249207733,0.8995990638151458,0.039436490144920455,1.0,1.0,-0.5648127583190835
0.3329487529429282,-0.45863008569184827,-0.5827034417182642,1.0,-0.4892039185816952,-0.46825467061020043,1.0482767538748106
-0.6118710900761328,-0.2515634684321846,-0.13622995595685827,-0.10017158990310882,1.0,1.0,4.450953073406545
-0.8476144155972903,-0.3134062761133125,-1.0,-0.34811817186281147,1.0,0.7498886949527102,3.6289766993533528
0.5305620289402073,0.7826385927292314,0.9705381551062948,-0.14182833559693298,0.10160668527366368,1.0,-0.687454429455176
0.7884934300678985,-0.08380593131355113,-0.9002848288335927,0.2770685474845054,1.0,0.8843549841084858,0.0905461208874572
1.0,1.0,1.0,1.0,-0.6366215760301331,-1.0,6.24128715367857
0.10682902948789297,0.29311332126853284,0.728906215255604,0.48664021158209614,0.3929814742652376,0.18494602568886687,-1.0419921599530748
-1.0,1.0,-0.6919595855272085,1.0,0.4422139290541285,-0.23650648330573326,1.4734363499530367
-0.7260590259734351,0.4888769395161092,-0.9158653002791464,0.05312070466061253,-0.4944760529198353,-1.0,3.1622913265500157
-0.3686815609411627,1.0,-0.08107806585374977,0.7667643088997567,-0.7080196740937774,-0.3164150394114644,0.5549962937043628
0.4093008012560062,-1.0,-0.6783712341246448,-0.7638270182572544,-0.49485397436939516,0.7551220928830393,1.169348411360671
-0.38889210429783616,-0.04724702635483391,0.19820845823000166,1.0,-0.4195117447579554,1.0,1.0929271477122529
0.4408647929168215,-0.9859679342166001,0.8973748974706273,1.0,0.8973780076975477,-0.24653771210622055,-1.306713099802443
-1.0,-0.7504592493343352,-0.5974970424666803,-0.17033716592136694,0.39434634443777516,-0.40949333751200934,0.06507865335125362
0.974565224634562,1.0,0.48896718226140057,1.0,0.7925691334563193,0.8405077792018368,-3.997442794981376
1.0,0.24695948159693915,-0.38108699217771447,0.5221477156814461,0.46274023312190926,0.3839122889737735,-1.5337527929710417
1.0,0.0016431519311823628,0.18402987943490703,-0.9055782176419779,0.9949483536431691,0.1976790879886665,-2.3604509882955087
-1.0,0.8536657842021089,-1.0,-0.544665637022913,0.4004390278042507,0.28018043394756287,3.5573244093054712
-0.18446417378954424,-0.07201928830848642,0.9933320481796915,0.12406674193817535,0.11034014041591456,-0.12542834434763284,0.49871748801354
-0.4569523085439099,-0.217224652037024,-0.25500520157339035,-0.3451101008497839,0.536511186810366,-0.5575272216426127,0.5714938625659991
1.0,1.0,1.0,1.0,0.15926348277592461,0.23577035942130586,-4.012829049034063
-0.010199032588930068,-0.44264177244822084,1.0,0.24744214192883945,-0.2039047748943703,0.21709385280790944,-1.3275475923980913
1.0,0.8232424721410734,-0.5097694985157519,0.4679477182435026,-0.11761539452757509,-0.9401521034851348,3.620784379946854
1.0,-0.1921738475884332,-1.0,-0.07858344091219338,0.40655323153085465,1.0,0.8011562328131293
1.0,1.0,0.8110863974156348,1.0,-0.9875903704460508,0.542361230355018,3.1894212638779074
-1.0,0.42283403885884535,-0.3215982904524093,0.6916108182286419,-0.8934783995527649,-1.0,0.3746355717627632
0.2593875842034441,0.15755774877600182,0.6989945244379583,1.0,0.36830522118322007,0.8908797817768803,-0.15054755801376246
1.0,-0.04184896275728911,0.931290077439952,1.0,0.748641177372354,0.11516593799560138,-3.726647541327763
0.47113170276944616,1.0,-0.6462350349477739,-0.3800009165699293,0.5547217239668194,0.21012436038681015,2.2091808685291716
-1.0,0.34665917759748077,0.10422898212976661,-0.5845438427263148,-0.5677598537269131,-1.0,-0.5916060440237085
1.0,1.0,1.0,0.15549768361484162,-0.22440160775662465,1.0,-2.501912218375545
0.3087791538690001,-0.3741924830447679,-1.0,-0.3519627182474583,-0.03298421281132097,-0.7855596489439183,1.5065670928474442
0.3197028292836651,0.41284804300716904,-0.1460639360403133,0.6766159100343755,-0.6278359332790198,-1.0,3.8430678011425092
1.0,0.18666343042281364,1.0,1.0,0.24799914980361826,-0.6768312502102733,-0.2968653177174063
1.0,0.7349177277941519,1.0,1.0,0.5544145243778151,0.3835514841975487,-6.2680765075457145
-0.3283430780646894,-0.5171189339181798,-0.6370662499365121,-0.6733115378242533,-0.3214185143956194,-0.022296560749766603,-0.8617916112429806
0.8943171270221246,-1.0,1.0,-0.005825595451138754,0.21367398081943378,0.1578137639864892,1.3391578768483494
-0.5373159905710074,0.9515395332800638,0.9228387641451825,-0.15733721267158896,-0.7081889672423978,-0.31167132397959063,-2.905974799757317
0.12278723256558588,-0.40095308671651386,1.0,-0.20818132566435885,-0.3251460987993427,-0.4409442621026975,0.47486019067123275
-0.5574655464897759,-0.9804021683353037,-1.0,0.23694335464223198,-0.10263977000713198,-0.6942551749811381,-0.8353800552053473
-0.27495320845166615,0.495873787300117,1.0,-0.441984462832553,-1.0,-0.014731339173915226,-1.0530903445480384
-1.0,-0.204869854632862,0.45081966642856675,0.49196664590136757,1.0,-0.1320973727838589,3.6534227971907716
0.15822953805234607,-0.4751671785215603,-0.4151836588157589,0.8759801577961384,-0.0228809930866527,-0.5611943091209444,-0.3909786180043685
-1.0,-1.0,-1.0,-1.0,-0.8919726423154485,-1.0,4.041757265842879
0.03127999999188419,0.7909409549327577,-0.8596914713940806,-0.7724601817861378,-1.0,-0.867216939665594,0.2648972025718821
0.811868108872202,0.4521682201958335,-0.2657309619807827,0.41838938709196855,1.0,0.6222905827655505,-0.4323139566596979
-0.15988060182739727,-1.0,0.36451490984542767,-0.7435039540760573,-0.3990955153012787,0.607486047332111,0.5217418286351407
-0.7745960436698933,0.5289062007319014,0.8206514958395377,-0.916978998203649,1.0,0.08261778743280929,1.4751703775320573
0.0539921084719924,-0.16140046632462499,1.0,-0.5713332350633111,-1.0,-1.0,0.9048276594251781
-0.22693702948946715,-0.8130022363315977,0.5643903641302749,-0.7934634868414925,-0.23365228465718535,-1.0,5.939050440744224
1.0,-1.0,1.0,-0.1516746685074632,-1.0,0.425876051956296,8.2384127376437
0.4178838795677019,-0.9934789649191302,-0.4368964321200297,-0.29792249033766327,-1.0,0.34285192927933095,1.2819053511942176
-0.9783232950537548,-0.596939992127213,-0.30235397614214876,-0.8743074836309641,0.6490092746482994,1.0,1.8376291875396717
0.9357360737898386,0.4225873407066457,1.0,0.6144985426483576,-1.0,-0.1332437915218747,4.369444251130921
-0.47900223210073417,1.0,-0.1114737735249248,0.6218577076556492,-0.48705949706972296,-0.3849314460715765,-0.6972408009030502
1.0,1.0,1.0,1.0,1.0,-0.009656711338885349,-7.951558202175956
-0.6410422042271849,-0.44997196041484666,-1.0,-1.0,-0.016860746128816495,-0.26206132954571376,-1.7525589835531958
-0.10273194329770854,-0.8318934114731624,1.0,-0.4861144454929887,1.0,1.0,-1.9708248978232676
0.3725921569776347,1.0,1.0,0.8258102964999277,0.2680944344530234,1.0,-5.065765791868249
1.0,0.5966292108727345,1.0,1.0,0.26011645168254044,0.142577501573534,-2.64136232355124
-0.46651336161224155,0.9644493194324062,1.0,0.07108927794225989,0.41803711948180755,1.0,-2.63835527943384
-0.16332412105396954,-0.05201171359022849,-1.0,-0.4327019776257919,0.4454862758215853,1.0,7.374548532767182
0.020632881213206222,0.7229663244622163,-1.0,-0.9315022592249725,0.7568450098581962,-0.16616071017764455,-0.7312411354506768
-1.0,-0.876743166659014,-1.0,-1.0,-0.23584436633732558,-0.9230754318556698,2.318434355199748
-0.0888644641126701,0.6058382253795037,1.0,0.11422339931007536,-0.04990664542800219,0.618698706351479,-1.7055380892362724
0.7777795560806595,0.2897188847016807,-0.7118692059860084,0.34066428230016554,-0.02711266637486698,-0.3646814271350114,-0.7101321500296028
-0.8931358138035463,0.9234871297380886,0.7244467864102269,-0.630526580233765,1.0,-0.7683997696685678,2.3642895182736834
-0.9559503696717443,0.2770676633577527,0.2796571450923213,-0.8028366629885073,-0.17331099236874287,-0.7874170466421553,0.7558134260668955
-0.2431879206727483,0.7973936455637757,0.12400175492418947,0.6180046352333334,1.0,0.9074919960550885,4.192254205123896
-0.9131081903823584,-0.6633789355457571,0.20160988715760153,-0.4222726836006443,0.8359573033042709,0.7310975594782354,2.1498686083054968
0.1934775191906959,-0.9743586783965406,0.6054568690789233,0.6085695548814856,-0.2715230654112164,-0.7256527253938796,2.4913683201625334
-1.0,-0.027865337133612833,-0.2453121750015264,-0.6888642448108574,1.0,-0.10791419315034456,3.5747398762331537
0.25258526830472255,-0.2793801972019484,-0.5965412064007776,-0.22954536055289132,0.2046842372260253,0.30597698460511674,-0.2455630515284557
-0.7263149605154855,-0.2135009105532515,0.9259393946129955,-1.0,-0.870692716640072,-0.18936950381396167,-0.6955927604240298
-0.4724855979913735,1.0,0.38029327878603747,1.0,1.0,-0.180690905274295,-1.3886963469543265
-0.06818740179221454,1.0,0.036872904784698124,1.0,1.0,-1.0,1.0410899820615525
0.492600117075496,0.17529645811017475,-0.6665145583542358,-1.0,-1.0,0.336314791255972,2.9288907403486304
0.690529768527645,0.470117931002886,0.3316456350274253,0.6940212026388297,-0.20847833003909344,-1.0,5.68162970733709
-1.0,-0.03950834695937247,-0.7280299686680878,-1.0,0.6144561466150477,-0.5840412381614881,2.073152356487904
0.2657884387544809,1.0,0.26453215829262344,0.2397873449063146,-0.1495504830909682,1.0,2.4821177995764767
0.48248195849337117,-1.0,0.043583377683007296,0.14522934920553277,-0.5196429393055696,-0.8081644155096878,3.8263032782958124
1.0,1.0,0.5656219414783734,0.026932444313020776,-0.20526851502741938,-1.0,3.52019831457122
-0.33421737639640453,-0.36256400782450116,-0.8088144780864098,-0.6362247540747832,-0.4241269880901371,0.6153977127582706,0.5873663596267107
-0.5198909548890036,-1.0,-0.6282835937647734,-1.0,0.5898784335617973,1.0,-1.1246064442200268
0.244174227087542,0.5572335047824681,1.0,0.8108941097418227,0.22963269251150797,0.8859447555589415,-3.9725769080866438
-1.0,-0.7507616619673863,-0.8128605601496024,-0.1754978995886538,0.3641830231582487,0.8255214045687296,1.4162240244297657
-0.6622610109954656,-0.6505063921895,0.894354040177705,-0.4126758050267261,-0.8207874825717927,-0.007739364056218195,-0.8247109165488592
-1.0,-0.44531114735195265,0.2265329902498211,-0.8778578726800904,-1.0,-0.05664396687705542,-0.3301469429037445
0.2015752751545445,-0.6213864175220333,0.20003398934597116,0.8518465126691579,1.0,0.4243955991756035,-0.08855335009861934
0.6691758891392583,0.9390954855689179,1.0,-1.0,-0.20661405769994862,-0.5600828414667066,-1.7182245875864552
-0.15826229037994866,-0.19194158006900708,-0.18778570875403056,0.6632600212746695,-0.42151220434325004,-0.8357589226136688,1.8568681318021354
1.0,-0.2904834611626996,-0.013142930181470391,-0.751242479925293,0.61835813652136,1.0,-0.11200569529663189
-0.3395075176146047,0.22904698106679922,-0.5602221220306736,-0.010524022381732612,0.5354249587812081,1.0,5.007003062172556
0.18614491939986832,0.2821463103107974,-1.0,0.2337939315560973,-1.0,-0.18174684535810592,-1.1885631202701479
0.49161322763724846,-0.2883409498888802,-0.4814784122343931,-0.7609854862340429,0.7066843792886703,-0.6620754053931486,-0.3671534654415728
-1.0,-0.8528316097977664,-1.0,-1.0,-0.6537659677007411,-1.0,4.1786087837121615
-0.379313383598603,-0.2399949661026854,-0.35116378148122085,0.4575701307595531,0.6725495292763912,-0.14021094161621084,-0.44202756968179846
-0.02756456299482196,1.0,-0.684393841801962,-0.4104851613273821,0.3114073445404487,-0.17301920162436385,1.5793557169015644
-0.36463529490909014,0.9595218212116274,0.034951427867707,0.4436004069148015,-0.8403086417860279,0.14106034297593573,-0.9465449218484951
-1.0,-0.6780957519100947,0.2608873453782397,0.7877228279450069,0.13155120934522277,0.039313773654734485,0.5519248721622041
-1.0,-0.320836200728563,-0.9544212719129606,-1.0,0.3942500782195347,-0.2944409349194874,-1.6100895355321774
0.0352907978727145,0.9148251026477967,-0.4817459178134997,-0.8167475566413027,0.012066136422452356,1.0,6.6416382807165135
1.0,1.0,1.0,1.0,0.9369808379758447,-0.17624208615949877,-7.315632494389578
-0.9792619812988399,-1.0,-0.09526329013402053,-1.0,-1.0,-0.4627080993536616,3.515942931078029
0.9378582200787864,-0.17214034998046174,0.11097070258759212,-0.34204561447333615,-1.0,-1.0,6.724586652551002
-0.4610967876006452,-0.6721273191171016,0.45084542398308924,1.0,-1.0,-0.8464119875493401,1.4516551922442662
-1.0,-0.9655262826173576,-1.0,-0.2708903980012427,-1.0,-0.0888155009538833,-5.532819376742173
-1.0,0.37545590100274423,0.008893284521424516,-0.7295815933860532,0.7149788251811509,-0.051648547552034185,2.164120393818246
1.0,-0.15254838642000051,0.3148798633534243,1.0,0.18428665212275663,0.6191123887645846,-0.2873258525004157
-0.5471069161707409,-0.6912195609913638,-0.39906930432077053,-0.33008401839131185,1.0,0.9370257156605322,4.053265482928948
-0.048011198977280456,-1.0,-0.8990248235550833,-0.5344317633590578,0.09735234053316358,0.1619315472797096,-2.486915355031689
-0.9090525506510241,-1.0,-1.0,-1.0,0.6432467262379609,1.0,-2.1921302264876688
1.0,1.0,0.7384688050123358,0.10755854403005738,1.0,0.28894615626962716,-3.9751953470110735
-0.28856958458586346,-0.4914692166848398,0.4543645149469895,-1.0,-0.20728508174896743,-0.4344474754529257,0.8505781980996902
-0.24448532919124627,-1.0,-0.4592010896818607,0.2201797027436796,0.7686912852382202,0.5560391361279564,-0.10057392162935883
0.330400815548745,0.4411293261372994,-0.24095987626301107,1.0,-0.7320273596295133,0.09392259840885392,1.1102968507784512
1.0,0.12412632151293845,-0.5022368582709487,1.0,-1.0,-1.0,6.603248732355081
-1.0,0.0512304918147819,-0.6754487044213695,-0.4250161293205321,1.0,0.24946634630851472,1.7294234558246304
-1.0,-1.0,-0.6902127445806276,-0.5105062861394876,0.9832873447312331,1.0,2.5938801748767752
-1.0,1.0,0.367287420611654,-0.7351291195787091,-0.9655959377034568,-0.10203594595826393,-1.770199580961331
1.0,0.4759202530347457,1.0,1.0,0.40605630169530305,1.0,-5.234241819567404
0.08775733560849797,-0.0728966169297578,-1.0,0.6273540967145977,-0.06131664232047779,1.0,6.813403199253864
1.0,1.0,0.6718270005384821,-0.7941343484360669,-0.02819965478018524,-0.4801450542729991,0.14211032177402094
1.0,1.0,-0.523056210486359,0.17826260858226234,1.0,1.0,2.0874220974269084
-0.36093913409628237,-0.3886691432214564,-1.0,-0.3568533674809465,1.0,-0.6125862724003135,-0.47345572730038943
-0.031287859072957724,-1.0,-1.0,-0.6740280726870476,0.6712699663261901,1.0,-0.17104380744346037
0.4751043703677667,-0.6065585051286924,0.8453125177448351,0.7772964104604032,-0.5149803585655982,0.3522360493419006,0.014276639500463761
0.009407765543096636,1.0,0.20913914068902772,1.0,-0.7898894085594905,1.0,1.7877460426278258
0.4964441568128912,1.0,1.0,1.0,-0.39569793208683757,0.08498850167848249,-2.308402547477917
1.0,-0.13741511094943926,0.9176122399171929,0.16093982957331354,0.5767152678410605,0.8477206565664193,-3.991212603394124
1.0,1.0,0.8504217664924617,-0.35422662281871775,0.18258162187261806,0.8630448714356018,-1.8018032163214122
-0.9110108324236591,0.4594137117552179,1.0,0.36783220974027997,-0.5924520061093936,1.0,-4.1127151125113794
0.3353028517683372,0.443427482089899,0.6694280896877961,0.5221273356498525,1.0,0.6554293335464081,-1.035516066616251
1.0,-0.9178356937597235,-0.12000135743287355,0.05089625758491778,0.27170588831308873,1.0,-0.6495791536754337
1.0,1.0,1.0,0.38350101622544086,0.9223064915729492,-0.30899303701086567,-4.623518245846676
-0.4345500427148261,-0.7004212385287699,-0.35992376618178046,-0.8304905798929303,-0.2599094772251249,0.33177580698072995,-0.8505761275572606
0.04504169434937566,-0.528904415181039,-1.0,-1.0,1.0,1.0,4.203830561252027
0.3819245966215128,1.0,0.2420356302859373,0.5156787402149787,1.0,1.0,3.2776362918104147
-0.2893466434792975,-1.0,0.6493393664926259,-1.0,-0.23598194781199766,-0.21360680681467947,1.9505314303699581
0.7585729538148123,1.0,0.3949804225493745,0.5050983119257928,-0.27737218763193167,0.3242116868209924,-0.15499510948140555
1.0,1.0,1.0,1.0,-0.6084829279516529,-0.6516523438746156,4.237330758184216
1.0,1.0,0.33159031889512747,0.08517052892267829,0.15673493862637627,0.8675190277261693,1.502123019653768
-0.6277650752947859,-1.0,0.10648325130080637,0.2508345493724986,0.26861908388620676,0.384345288614171,-0.5673334619485209
-0.5332114030944572,-1.0,0.26146974482256624,-0.6170159950845997,-0.4571732787838053,-0.21254286136091638,1.9783989686926617
-0.36570613159779186,0.3377327782665572,-0.1011179035409322,0.07328169482284942,-1.0,-0.9719652145554487,0.11695308178347713
1.0,0.2769627093210596,1.0,0.4780217980969763,-0.8483634948813121,-0.26784638314516107,4.600005655511075
-0.9740382027336068,-0.27640146762987616,-0.542953955106243,-0.12779438181017122,-1.0,-0.049113692594050073,-3.75283553071003
-0.6968268346308242,-1.0,-0.8228248598466377,-0.17211442076597205,1.0,1.0,3.6398553959481283
-0.607204263128655,-0.8813411976002732,-1.0,-0.613607012862798,0.4670832404393136,-1.0,4.430445785073826
-0.2943596931196516,0.2735782458533953,1.0,-0.026914952687403293,-0.11604622336548474,-1.0,2.1356920552275884
-1.0,-1.0,-1.0,-0.3744649210868809,-1.0,-0.7799467495659724,-1.9731569363227224
0.8160594714734708,0.7991869073531359,0.9881267057380729,1.0,0.7578607287607693,-0.4782011334310406,-2.320746139107479
-0.5175922730849036,-1.0,-1.0,-1.0,-1.0,-1.0,5.433730175191219
-0.37816544170806254,0.40623027171714415,0.9977845382151654,0.14840321946367108,-1.0,-0.34587508731339195,-0.7346741165379633
-1.0,-0.6468174743916297,0.9036858472673839,-0.8591789009844348,-0.26371337404333584,1.0,-5.099231861331196
0.8166873221474057,0.49727583974366246,-1.0,0.7684474316099494,0.18467745518960255,-0.9525291704212995,1.2255373246631065
-0.9805540206452181,-1.0,0.2666196340025302,-1.0,1.0,0.8829265368274472,1.2690032915605296
0.2884579916497656,0.6028133385165683,0.9693598315256042,-1.0,0.25794678121780945,-0.38407234327495593,-2.6194807488947958
-0.044661790278986285,-0.4284146114291911,0.7898560615897465,1.0,0.2663945147028983,1.0,-0.300693759046763
-0.030601852484703373,-0.8618339386227034,-0.286361664250727,0.5822295717773063,1.0,0.45478346268265574,-0.5304211952848473
1.0,0.39578514016133237,0.10739291342368995,1.0,-1.0,-0.19369865635716077,4.676086437615975
-0.016301843775156866,-0.07736665895067496,-0.5722014803070217,-0.21512193798064871,-0.5762953276943348,-1.0,1.4535530896805295
0.2123746034380053,-1.0,-0.18556368821471114,-1.0,-0.7148500255270925,-1.0,8.570723365547755
-1.0,-0.8735174475658773,0.5352066414684974,0.9360673647908871,-1.0,0.5572005257533301,-0.7667373394962899
-0.35944393024487864,-0.2498661031934295,-1.0,-1.0,0.15514011648430878,-0.34427880888251944,-0.2951265626628845
-0.6320029078905693,0.020175263360995288,-0.5581684257324576,0.9285966525207369,-0.2785850326848336,-0.30312711502845935,-0.6324004852853482
-0.27385090185390504,-0.37781624917023543,-1.0,-0.4030638843252272,-0.6783750370646615,-1.0,2.76859463074936
0.5655048638389524,0.2074796069018322,0.6506188803866846,-0.6039131119579938,0.8328281925233201,-0.24070695135503883,-0.11075230922025359
-0.25879604441088766,-1.0,-0.5800966275086443,-1.0,-0.14064979452058757,-1.0,4.569755856056474
-0.7355349688233251,-0.3007633196382338,1.0,-0.21505016841613128,-1.0,-0.2815473683990757,-1.4395356394616057
0.3243115551003971,1.0,1.0,0.11611205121298407,-0.39820425894442757,0.49381964264973655,-2.7788686833759355
0.09926438198243859,-0.07848144183290334,1.0,0.928000232669933,-0.031158059233818043,-1.0,1.8911054032003145
0.33953452076216134,-0.00031352082145635896,-1.0,-0.28153194398419923,0.8909293437528598,1.0,4.116413996884262
0.512033408262706,0.09685598805780886,-1.0,0.8537672536428588,-0.3525839985056522,-0.32206456019342433,-0.3968429481594449
-1.0,-1.0,-0.9928640763436156,-0.2531152965704013,0.6308839322053332,0.9749790172223727,2.2577440351327662
0.8186139289167875,1.0,-0.0073975770817342745,0.8624246285112576,-0.35955416119502803,1.0,4.394372434902186
0.13103392263657632,-0.2300211946437902,-0.6008389756225989,-1.0,-0.5170612717407279,0.7295664317938817,2.182046998579518
-0.4647016983873721,-0.4274036474758232,0.06521862466344988,-0.6125339392000638,-0.47436273417981556,0.34141834221489603,-0.7745895924630892
-0.2611122309833913,-0.9639505768774274,-0.02035589759790113,-0.7940313928917124,-0.7753781675661051,0.6216018070685891,0.7857421511169811
1.0,0.027878428840310887,1.0,0.981792890535043,-0.3861066458165199,-0.021338835307072035,1.2909734365770589
0.21132553787059585,0.13898791941296773,-0.12479458474978637,0.8179132289841594,0.6144992168252118,1.0,2.8614707561304473
1.0,-0.5353454103195407,-0.7141327187777041,0.12101576984935777,-0.017232751868337726,-0.7198922871459681,2.5946857621277486
-1.0,-1.0,-0.04960670965106906,-1.0,-1.0,-0.1484988464913527,3.5837243930995784
0.19016070383667594,0.39384500098306097,1.0,1.0,-0.07939821956659143,0.1563079574169981,-1.7070557286103587
1.0,0.36687006619157536,1.0,-0.3013085329026689,0.5249779613316022,-0.043229391203637446,-1.5535759862509524
1.0,0.5363191882338145,1.0,1.0,-0.6017314467075915,0.20880106367904505,1.1017807732145848
-1.0,-0.9469266987809282,-1.0,-1.0,0.02205269753844119,-1.0,3.352387535168904
1.0,-0.11468769054843275,0.9448194046029933,1.0,-0.7476083380046417,-1.0,8.02736832895763
-0.20940611714248236,-1.0,-1.0,-1.0,-0.9528638043530024,-0.5709205710825027,2.62393111593769
-1.0,-0.44224938430066085,0.3106596915568022,-0.07580649574492701,0.6114479500064574,0.7112573462982668,0.2391002379486421
1.0,1.0,0.4445163931926406,1.0,0.4622135495018288,-1.0,2.661451983378112
-0.20792080539748792,-0.1292672988476503,-1.0,-0.17804470606302947,1.0,0.8916059867180457,6.437533046768835
-0.8455736097941358,-1.0,0.021988682011040823,-0.34394448965926366,0.28217880162822256,-0.37322481527824636,2.0177538575985823
-0.3392138224581159,-0.6700634770063647,0.6586691881107404,0.4218357737314379,1.0,-0.34105932325840804,1.856827484236514
0.9648137634957632,0.46428835756027853,-0.26992567234925713,1.0,0.9207980425657895,0.4728861434309376,-1.7732769380699365
1.0,0.11435156094656163,1.0,0.9580210611436342,-0.6692384119512824,-1.0,7.317913483347407
1.0,0.7404495615100829,0.6284305521322716,0.6532206191726486,1.0,0.3226546383243717,-4.290531376971379
0.02847670019441395,-0.12377208257869078,0.8505853176963224,-0.9448243212276641,1.0,0.6005909230577526,-0.666098381091766
0.011395612598479765,-0.16074338054085596,0.05183476334535131,1.0,-0.7681165754872662,0.14130375570903114,0.9251562698895931
0.16890898389977196,1.0,0.1543135775209925,0.11322131559498064,-0.11407764948271693,-1.0,1.9955957859546183
1.0,1.0,-0.5486928450897621,-0.301341113169318,-1.0,0.25232533363178455,6.015316121533785
0.244227342666166,0.048789814013743965,-0.1501515128384568,0.7033274040905959,-0.9745024862584257,-1.0,2.7155314760386844
-0.29275284088016784,-1.0,-0.6317583497415957,-1.0,1.0,0.2182840217098663,-2.305724680328543
-0.2039334866948063,-0.1848838428924715,0.42418379201787637,1.0,0.1814642357544547,0.7364421403272794,-0.13880539812620907
-0.9284211634388854,-0.5527841561326906,-1.0,-1.0,-0.2441591324024667,-0.04746783942767385,-3.2730782990266545
-1.0,-0.4724242786176802,-0.08495928812411169,-0.6821178900272689,-1.0,-0.8827712470973264,0.413809968212132
-1.0,-0.18530240700234668,-0.38929097492629616,0.16743833690460375,-0.6241337865399711,1.0,0.6029979086071915
0.34317781146302073,-0.7133207075932302,-1.0,1.0,-0.7442602139824204,-1.0,2.2860721313448087
1.0,-0.24810738322113937,-0.7639902826592762,-0.1671709519880371,0.144853117249773,0.5890657613231032,1.0702183388846673
0.39200602048959565,1.0,1.0,0.6450991736500695,1.0,1.0,-5.67362083847843
0.2967387153994227,-0.539216131601187,-0.1278743758891383,0.33406396445727365,-1.0,0.08755129136171136,1.7463141245304028
0.31622990919211313,-0.3405090256639538,1.0,0.33755318567307424,1.0,0.4626153077912054,-3.020344891972745
0.7294846707598399,0.926805226137011,1.0,1.0,-0.8009761925969531,-1.0,6.00232514455322
0.909583899615684,0.8205244924249333,0.8527837628722549,1.0,-1.0,0.027162801111327517,3.5746215453709413
1.0,-1.0,0.02048279555934429,1.0,-0.05364486390181966,-0.5793723753935901,3.50261234301756
1.0,1.0,0.34457546634504854,0.5409923483019177,0.4763585088912494,-0.08856987675353623,-1.1366587805819683
0.825563334749582,0.44690680644820846,0.9278929379684815,0.8172555104537633,0.8290016507036662,1.0,-4.514049479345831
0.7220066846411439,1.0,1.0,0.2142461342969042,0.03864658716304992,1.0,-3.659586594233049
-1.0,-0.16127392926609652,-1.0,-1.0,0.15903695310237487,0.05848925235987096,-2.352230867715251
1.0,1.0,0.578177346555679,-0.6475151080253431,0.04479818924295498,0.16398712406480542,-0.1578744262029559
0.2650923394299892,0.37147421666850344,-1.0,-0.9665966179388901,-1.0,-0.017071838447687115,-0.03555753607537937
1.0,0.06214078640331655,1.0,1.0,1.0,1.0,-5.8665966473251645
1.0,1.0,0.0370013661684232,0.22898426728608356,0.1699437511066315,0.8217239198445766,1.4361765519223164
-0.4698125193719047,-0.2719931527766241,1.0,1.0,1.0,-0.556395617881293,0.16290102686660865
-0.8113342831615076,-1.0,-0.3736420965638575,-1.0,0.4073436801562984,0.22155178938205228,-3.095298162834351
0.3372312120991886,0.6868596820483106,-0.08158751144686649,0.9495326330467657,-1.0,-1.0,6.218616395277362
1.0,-0.03433236272440543,0.3421895779749628,0.707929427749619,-0.9283866027585637,-1.0,7.921510275566547
-0.6879727953451091,-0.49790268384501823,-0.42870371918168515,-1.0,-0.47983599042068503,-0.9929763216538916,2.220736990074523
0.5117060199315877,0.7407086986290086,0.23817090162577714,1.0,1.0,1.0,1.712328759901228
1.0,1.0,1.0,0.028916762805890395,0.42776069709403375,-0.6324243901956251,-2.060886883655535
0.8460595861601194,-1.0,-0.508453131463589,0.1170410002843083,0.3808475260609235,0.7620669846880196,-1.5748014511259167
0.5458706220652868,0.13289648943455212,-0.9820537412711916,-0.2433689203706007,-0.5499786770677371,0.3426419859298815,1.8894359306701471
0.6311999435806184,-0.07769880790654371,-0.2935571979100442,-0.45033359698117015,-0.24446841640822148,0.33583557564227084,0.6877698028690732
-1.0,-1.0,-0.16369228810153896,-1.0,-1.0,-1.0,6.19385387763875
-0.08889371192633978,0.9210261484102454,-0.44906884376646367,0.8677797513484649,-1.0,-0.519436862767328,3.1852937069899774
-0.6211151851421572,-1.0,-0.9209967466802147,-1.0,0.4250808892260819,1.0,-1.4824757306475964
1.0,1.0,0.07063939978083478,1.0,-0.1785014795603237,-0.4353518835616339,3.031677274698301
-0.5465561984310654,-0.47808225311955577,0.30245977101065713,0.4309551373340773,1.0,-1.0,3.061844390420909
0.6687352992075073,0.7898788604127289,0.030326796153022917,-0.8837776181023839,0.006935778884984423,0.9870091275243618,4.648151362540849
0.14332001762304541,-0.8724967638717651,0.10512090787436446,1.0,-0.3358829911222667,-0.010880995468729025,1.85924800346972
-0.3200661890379478,0.5646831801164003,1.0,-1.0,-0.05724398788805085,-0.6177924326771977,-1.9043684855935539
-0.34061433587334833,-0.8449404302496365,-0.93138939656975,-1.0,-1.0,-1.0,5.203661504952668
0.07739972371121817,0.33058910475527475,0.6267993166053408,-0.910367048835483,1.0,0.09728327197716613,1.8027381497706343
0.2442704094654002,-0.007654468216472199,-0.3753723986372419,0.8142573679068593,-0.40960832226031285,-0.780502010238654,1.3408807352784067
0.9934387208353177,1.0,0.8422629724881108,0.9849344818915281,1.0,-0.39733994878574413,-5.449496613149878
0.15203600331236689,0.07682495736481276,1.0,0.2913148784732382,1.0,-0.32825541760006127,-1.216137540615653
0.408225622023612,-0.330949028964717,1.0,-0.1443887169131115,0.5503949889494764,1.0,-2.8158117540061114
-0.2424470463345505,-0.24243957957509266,-0.655932230636896,-1.0,-0.6716321636002824,-0.8666147000212678,1.8068301095034753
-0.5129168119810824,0.898571492354904,0.49521393967756167,0.9238131936974815,-1.0,-0.5991115951852835,0.4679223121325793
-0.3313493235188326,-0.6651470750187491,-0.08616340100000941,-0.9825417428223848,0.43290394900844165,-0.37127930860623937,1.490389538837768
0.24471940318172591,0.3804782747216043,-0.08943297755878915,1.0,-0.5982716599463223,-0.02672498836796655,-0.21624290222283915
0.4495869208366351,-0.2892261312392673,-1.0,-0.9936912603030479,-1.0,-0.3827184096015457,2.1274718121536047
-0.21291778629221547,-1.0,1.0,0.9833806743995819,-1.0,-0.1536532530620312,1.7814431258542847
1.0,0.3495137459597292,-1.0,-0.3434922338714861,1.0,0.6767414129004677,-2.0319524579536985
-1.0,1.0,-0.7526383120656526,-0.30993590590223175,-1.0,-1.0,1.0797390974178995
-0.3180099715362134,0.8095376693985296,-0.4850816864365963,-0.8542531726887073,0.5942345121632154,0.8653730945509118,5.813585357518372
-1.0,-1.0,-0.7221600015293954,-0.326700418999204,0.1728404622750298,-1.0,4.852776577191056
-1.0,0.7032707281350681,1.0,1.0,0.21910073941683245,-0.01910982283124618,-5.058319457352288
1.0,1.0,1.0,0.3090706529970355,0.013945082296096256,-0.09404742096601329,-1.971117382316136
0.004542711866984628,-0.35102728176380893,0.170067523379261,0.09916312746770828,-0.4013759522577346,1.0,1.7933170883657723
0.012466711856961465,-0.6768211846257857,-1.0,-1.0,-1.0,-1.0,4.836816206007429
0.4877275195366004,-0.7796903281314986,-0.4441637895358226,-1.0,0.3098976195230722,0.7379935136998662,-1.2021110524865035
-0.6374430702834959,-0.9779381386412042,-0.47845405602772084,-0.19995029673437292,-1.0,-1.0,1.842569417813039
-0.08203499688693011,0.008754520387717735,-1.0,-1.0,-0.8166547101318602,1.0,7.169972023283301
-1.0,0.11940171082159506,0.3542576746746422,-1.0,0.4149848319414775,-0.595701678006235,2.7850503695117346
0.5963099869885887,1.0,0.7921580589677305,-0.4363805613520003,0.05258414609198095,0.871618000519804,-0.5840710070462218
0.3422996166259058,0.65148196093802,-0.19017943578517693,-1.0,1.0,-0.16112522300153082,1.6860599200843451
1.0,0.025409258133404222,1.0,1.0,1.0,-0.03652696835470695,-4.823893262324161
-1.0,-0.36934515268186807,-0.24676906116995578,-1.0,-0.36136299400890515,-0.773002574078941,2.3052466028010836
-0.8711279197362668,-0.38974687532990965,-0.29555944318491967,-0.057478935979336454,0.33382460493141236,-0.9612740862456077,3.91914158633577
-1.0,-0.48694546297815283,-1.0,-0.7397369413271515,-1.0,-1.0,2.7872166589119733
-0.6071419902804276,-0.5467728943201644,1.0,-0.47835456522894826,0.10638837292002212,1.0,-2.0218993501778195
-0.2114895801433135,0.42767514768913784,0.9473639037525703,1.0,1.0,0.9615592485637894,-0.3210176220822858
-0.27101415437232274,1.0,0.5949233849952207,1.0,0.15649289011733747,-0.5306233634243004,-1.6825173415939536
-0.77411832773016,-0.969547495490591,-1.0,-1.0,-0.5352946216860396,-0.435423718779412,-2.7325295129124187
-0.418323837830296,0.6953775087597053,-0.13377484634112652,0.09801297682275462,-0.41257729720114744,1.0,3.7287298802166813
-1.0,-1.0,-0.3743514934890184,-0.248380680291104,1.0,0.035304341780839854,1.7717602213820491
-0.9926183352846041,-0.11123301745108782,-1.0,-0.4027528573444843,0.14145787065090487,-0.6186409375874853,1.5376717242593827
-1.0,-0.36015372998861933,-0.7832374768008412,-1.0,1.0,-0.1742417828782134,2.464663934166267
-0.13276916304354033,1.0,-0.05137940206049363,-0.7150562065254347,1.0,-0.41603442891890485,1.821623087031083
-1.0,-1.0,0.2828185973189941,-1.0,1.0,-0.6046396753141552,6.818261754903263
-0.7060616278817152,-0.40740670511234145,-0.6218024745225845,-0.28073215962121434,-0.1695013425147367,-1.0,2.7571263340704224
0.6464656126392132,0.4824745797384318,0.8190977113752528,1.0,0.529132057676661,0.7403036581306437,-3.881687011634053
0.0660222778854489,1.0,-0.08443111499187511,0.11878358007020218,-0.5434142748079267,-1.0,0.568539194706186
0.5005961829080867,0.9858141811024379,0.15215766856999047,0.11175015892209278,0.28005615455605576,0.38726946978832705,-0.3419315135703367
-0.15238411305660787,-1.0,-0.9411977471572873,-0.23611982033079393,-1.0,-1.0,0.2892564206169659
-0.9503698890833971,0.6724325837564894,-1.0,-0.3007653058126668,-0.49144722652242334,-0.9627739961661967,4.928403769017643
0.7251706431656547,0.04017645325694619,0.2661301331117887,0.7002714918059074,0.08460270735642872,0.8626416590706987,1.1820508619741723
0.6103208038016124,0.5182678007846251,0.236781009445719,1.0,-0.337672415299222,-0.4288195068176479,1.5369582429602333
1.0,0.9286623328205506,1.0,0.35855949765469397,1.0,-0.33696883082482243,-3.2827790196354627
-0.07773820341082527,-0.5453470096446762,0.01254209430853237,-0.19279881858269893,-1.0,-0.2067641017179218,0.31911117265231326
0.39035730694834825,0.9345768705072173,-0.8026942616827833,1.0,-0.5571758417406849,-0.3383744098195136,3.6060260737436303
0.2891007898816359,0.18286649755429346,1.0,0.1299143524336096,-1.0,-0.8099810665133163,2.152588191057898
-0.09829917562850402,-1.0,0.465889113067792,-0.015229340283990589,-0.0583653294939126,-1.0,5.675815648193144
0.17555340028587701,-0.16902365221159238,1.0,-0.27541233091310086,0.07766563360499942,0.4834195197269847,0.24294178498291785
1.0,0.45995466863105716,0.8404358355449066,1.0,-0.10745415793948337,-1.0,4.814859358146649
1.0,-0.031107956419704097,0.08585286956673888,0.6348308981468014,0.416218289923711,1.0,1.6444328048642314
-0.3513527554510014,-1.0,0.33677539912425686,-1.0,-1.0,0.9961214781214881,5.71934213748248
-1.0,-0.1505201339077118,-1.0,-1.0,-1.0,0.1650716813061296,-2.397843544834679
1.0,1.0,1.0,0.5400972181666057,0.9496922510509858,1.0,-7.836190891963297
0.15082520529360544,-0.011431988752785921,1.0,-0.3412615461406988,0.19865225568335776,-0.5806934715379377,1.0215855581011108
-1.0,-0.15518687080203686,-0.3874986546114325,0.11782869205465496,-0.10879728033783215,0.3599711836954972,-1.4528580334493413
-0.6201596179474365,-0.5502943812337904,0.19855200833595965,-0.7389514617690804,0.9383061341663922,0.6805132515555152,1.835377929548165
-0.6795920995590752,-0.9732155566500786,-0.9801838421541165,-0.045416414760556245,1.0,1.0,4.735523944539679
-0.8262838403719971,-1.0,0.0573975695674977,-0.18214092893707912,-0.2572999944101222,-1.0,4.035803423175922
-0.08291358582462519,-0.633534208949098,-0.22532021588196854,0.5492135269288604,-0.4003905945413466,-0.683904390822367,2.0801262417039332
-0.6342420569693403,1.0,0.058556697507084754,0.6113898785773995,0.3644784321856697,0.6478547737638575,1.012853842835955
0.44627496506527486,1.0,1.0,0.7882348486609314,0.04217621696215357,0.3739047712022093,-3.4627173784446943
-0.6408919730793553,-1.0,1.0,0.8069024444870689,-0.47333461645664476,-0.038073891640621915,1.0158798075695925
-0.226312733256172,-0.36036879584280523,-0.8513901454018752,-0.4898119278615598,0.8467094697028672,0.7893819752982733,3.062576796839704
0.4408677164768843,-0.4292404664728652,0.5616310311156323,0.3758656483586809,-0.9696854115694837,-1.0,5.3584721211855815
-0.8015293568522033,-0.07623867529105643,-1.0,-0.5199442923704907,-1.0,-1.0,0.2896519947756435
1.0,0.1998679284936059,1.0,0.7511480150563847,0.1792908276210975,-0.040693458107743496,-0.5673795319210003
-0.8844026221919674,-1.0,-1.0,-1.0,0.1761948932500128,0.22341327876600214,-6.56692860333742
-1.0,-0.2426545731818961,-1.0,-1.0,0.16824664418290525,-0.40501932327988266,-1.433246029290236
-1.0,0.4661405160550968,-0.9284951767612821,0.6226744826836165,1.0,0.964704225934915,9.320079027663294
1.0,1.0,1.0,0.9419026698724309,0.3405322958704449,0.5795739226633901,-5.930377216357385
-0.2924867675130869,-0.716768796738207,-0.7640733556883348,-1.0,0.06325682976996627,-0.010799663790847625,-2.2102128560087393
0.19218303605877707,-0.486368080761298,-1.0,-0.05872192350157984,-1.0,-0.01319707565744832,0.21848537244794308
-0.23222734946831625,-1.0,-1.0,-0.9743361037944842,0.013994014421590983,-0.9222579721554991,2.449433556571047
-0.032596760646103284,-0.2920913342116302,0.0060408253465360495,0.5831037911126753,-0.800386533440093,-0.6404649394471349,0.7747878660648118
-1.0,-0.43551563378646097,-1.0,-1.0,0.11739186042138122,-0.5909904697334052,-0.49530034885393337
-1.0,0.36353226521665793,-0.6175594595219547,-0.31606618317644464,-0.0503036011061514,-0.9493292078562106,3.6496851870596205
-0.9405177551451125,-1.0,-0.13252866505699834,-0.0485612540372653,-0.4403594603221255,-1.0,2.2619370026697743
-0.16342762814918713,-0.4585156147666307,-0.6291142178709592,-0.6365605749648059,-0.6818513279034248,-0.9119794034014183,1.7656145525142517
-1.0,-1.0,-1.0,-1.0,-0.5998387561197132,-0.27962252862657677,-3.1997379996126005
-1.0,0.3887191151655259,0.40541060177926946,0.08213469608600654,1.0,-0.2118405668915948,3.099299564198758
-1.0,-0.7816566304284017,-0.3817965941091894,-0.181818790216141,0.31633322475808756,-0.15615368505452,-0.8583907889192371
-0.14737523911259287,-1.0,-1.0,-1.0,0.047665420802395,-0.12176367610083128,-3.916018552038034
-0.32004705259862576,1.0,-0.4321662342585362,1.0,0.31303152348767915,-0.12849553195165242,0.9168444677189058
-0.38794011039746246,-0.9514010913882324,0.1798295029284801,1.0,-1.0,-0.5249628923066567,1.9955533316541028
-1.0,-0.36781048116957604,-0.24928212473842648,-0.647433335712488,0.16963559688472207,0.7137361671834643,0.2314375134928494
0.045849958202434093,0.6593126785958757,1.0,0.7726577015206684,-0.5476258648788161,-1.0,2.525511877000367
1.0,1.0,1.0,-0.7628428734671138,0.1057896772077046,-1.0,-1.917456131068808
-1.0,0.25091507616176173,0.2679761170954093,-1.0,1.0,-0.8408652126120778,7.8313396902945644
-1.0,0.11862936641882521,0.3336785074144586,-0.3413285042613947,0.185454002588899,-0.3988298836249014,1.5735435257799764
0.12228403646587005,0.33649290838350765,1.0,0.6930641271692729,-0.2782503900075282,-0.5904951695933311,0.6012085939563192
-0.18942803014981302,1.0,0.4504811770934063,-0.9477519478167061,-0.4217446608312525,-1.0,-2.002846023856649
-0.7395185215183603,-1.0,-1.0,-1.0,0.45046825400519963,0.27886018933469614,-6.816266298132696
-1.0,-1.0,0.19830139589896945,0.4757024579667372,-0.8550560522718629,-0.09045387531690885,-1.3430298806806562
-0.46409815892528605,0.6242185756455731,0.3584739047227328,-0.5795078324725341,-1.0,1.0,3.170861622263046
-0.5854215092977706,0.9316844104186464,0.22150853227086836,1.0,-0.41117548686225625,-0.3096812267807061,0.27231971876802197
0.0921665610499441,0.8407859601243215,1.0,0.6583087242129366,0.4207661885621995,-0.22067868320793804,-2.187744771595061
0.5103042627002478,0.5752652697221448,-1.0,-0.18937923535818046,-0.9930761509816068,-0.7943540565205408,1.0730159461243507
-0.6330468674537215,-1.0,0.3276896895449933,-0.06689216531835485,0.28703473731362045,-0.4839986659112019,3.0970403602153214
-0.013542517513986942,-0.4021189655131792,-1.0,-1.0,0.05735407526640504,-0.11172612067807532,-2.3658354781345423
-1.0,-0.5058795409544439,-1.0,-0.8912049394747159,-0.008917126648297913,-0.34951891247450506,-2.386376656163182
0.06514458607393936,-0.7819971433822333,-0.19877252564713002,-0.4574993563593422,0.23295557422796243,-0.8690602277647254,2.7979890420528557
1.0,0.4298748905616805,-0.6371702765046807,0.49588574372637184,0.19305777060586793,1.0,2.5745178026038835
-1.0,1.0,-0.059174445959413444,0.8783451125883879,1.0,1.0,5.730162974243676
-0.14505610918326395,-1.0,-0.4460132690594035,-1.0,0.00816341471507287,0.9077311645984433,-1.7039505622837696
0.20658176201822998,1.0,0.009100496926617296,0.8166378304257874,-0.503244972568081,1.0,2.829579026665799
0.9191739064750739,1.0,0.681074051083747,1.0,0.40842612487006225,-0.8548783028698589,-0.14673330055633294
0.07473932689935919,1.0,1.0,-0.9011387713725073,-1.0,-0.24805614869049575,-2.078359464449929
0.05738185763595072,-1.0,-1.0,-1.0,-0.846122765812637,-0.38356618904853845,1.3839598692293391
0.4780350871111827,-0.062398761344696685,0.3958388073954213,1.0,1.0,-0.5554998047529288,-0.717351123493271
-0.7532500354455536,-0.47066021985556106,-1.0,-1.0,-0.9463007926220197,-1.0,3.5097916729022485
1.0,-0.4651206410414142,1.0,0.0021518218340799145,0.40647484392308597,-0.008519513762826947,-1.051350528292776
0.5975590199198528,0.17417755698662518,0.25533715868122875,1.0,0.19990312363914686,-0.19556786318034813,-0.24722932474401316
-0.022957215508794607,-1.0,0.3559960763991847,0.10998112037335528,-1.0,-1.0,4.298388253279499
0.28022379557461086,-0.15379533616550067,0.32989833856374706,0.3454880357771099,0.08382823773044001,0.9696060195356107,1.6044355573356246
1.0,1.0,1.0,0.5556657642975735,-0.6321868700770031,-0.057282590443826775,1.6257208644121763
0.07263192214030212,-0.4984531463346422,-1.0,-0.2153407938305485,0.5532492915955682,-1.0,2.2064933475290944
-0.7128391583699147,0.6684683631000032,1.0,0.19178292851912465,-1.0,-0.28575892064665664,-2.529143283441581
-0.526800606402235,-0.04475232993095868,-0.9543217191307627,0.2627846262723412,0.7716276402874781,0.06292572815365483,-1.0163520237351302
-0.19819583174138722,-0.7374156620774772,-0.9247451329257943,-1.0,-0.9386287735017803,-0.10095379636969765,1.678239974885629
1.0,1.0,-0.3553888643955906,0.7220178407331166,0.21401418856173532,-0.9781202043083755,4.295473142979602
-0.8974284996660994,0.9836248479872909,0.9188532039304178,0.6202279919679772,-0.31783130073901344,-0.9906444126685472,0.117748623114376
-0.2276373882758836,-1.0,0.1624210570171385,-1.0,-0.7878401925472969,-0.24755278595807592,4.536019781204551
0.02157577296569113,-1.0,-0.1856330644925306,0.11098707868815627,-0.9976982471759359,-0.1992948615223995,-0.30728032307302655
0.40019629652399713,-0.2763890748680712,0.8397117825682114,0.38168568590973306,-0.6569799988689704,0.7899852510265131,-0.19214427468412038
0.9173853356117074,0.7299068245730725,-0.1292822357140006,0.34892922002548876,-1.0,0.3899880846301864,3.0443751687210994
0.163270931685209,-0.7163339941816187,-1.0,-0.8376899629142547,1.0,0.0657953132444773,-2.4743398681830624
-0.2867338840226612,0.8958797620662143,-1.0,0.10884156089020011,0.27673463911350615,0.092690049467819,3.0909135195165653
1.0,0.12951560688257535,1.0,1.0,-0.21155704175614382,-0.41912675694597695,1.4672207137830622
-0.2808822413299843,-0.6671675028421009,-1.0,-1.0,0.23142998838546885,0.9820839658495082,2.2572595769419608
-0.43757176217651744,0.3295866494085372,-0.5869808370005308,1.0,-0.12748132766255516,-1.0,2.4175965529848527
0.8084853924178983,1.0,0.989418199708006,0.4707461734509899,0.3435238743649007,1.0,-5.502305668403246
0.8560385776498445,0.9818862390012407,0.007100421325555439,1.0,-0.7461409115671249,-1.0,9.584618807951896
1.0,-0.8028410311794312,0.16588862528476822,0.8615752982923177,-0.5528690481932343,0.8957235004385784,5.729676690252255
0.21372947287340288,0.12079715930664381,-0.6137313550564437,0.6370337800022084,-0.3312137673092464,-0.035060948853975815,0.4126203281054373
-0.7170988147846695,-1.0,-0.6939636036568961,-0.09794378336762255,-0.1097260772537898,-0.41786333098586625,-1.5509641220076917
-0.10948463377952712,-0.8765740797270541,-0.07651273016855498,0.5986537745753304,-1.0,-0.298446268316241,1.2432333166004548
-1.0,-1.0,0.826829113041809,-0.5920850615872444,-0.9075832623905122,0.2550465057283182,-0.6949053979679618
0.31590450929187874,1.0,-0.8903937000780204,-0.850906206471395,0.19949676305850655,-0.05609459321180321,1.6318574336850822
-1.0,-0.7622896908890848,-1.0,-1.0,1.0,1.0,2.6310326125495624
-0.07698034790133135,-1.0,-1.0,-0.28428394433588555,0.3306007057157814,-1.0,2.52551695040026
0.7466567292043205,0.8945658899011146,0.2747192501503677,0.6951664083277135,0.15984824896308236,1.0,1.2689263942294726
-1.0,-0.2827282978731205,-0.7236741611836275,-1.0,0.3118967066730448,0.3128748166397659,0.277000961435505
-1.0,-0.1942777386593948,-1.0,-1.0,-1.0,-1.0,1.4821745698236573
0.9724897192130336,-0.7265367144861956,0.050601665834628995,-0.6693388363505332,-1.0,0.048044752778394706,5.138544667170764
0.8848621962000784,-0.8382266464018724,-1.0,-1.0,-1.0,-1.0,10.89260718201365
0.7653274056263997,-0.16243997169035584,0.742710230121893,0.16892504184575385,-1.0,-0.9300105638785647,5.721574150228931
-1.0,-0.5120432856695394,-1.0,-0.16589040266248611,0.13077970300978,0.4783980414594006,0.1757023474026171
1.0,1.0,0.5190359498458363,0.9565605760769753,-0.9387354650926837,-1.0,9.901196310240463
0.12455262313653503,0.022274422059420873,1.0,0.6939451004828268,-1.0,-1.0,1.2475571079282037
0.03968301501521532,1.0,0.2964704953373428,0.39739429057379216,-0.6440694682218453,0.6213241024478213,0.5467761491737934
1.0,-0.2602032287236618,0.9869394898979442,1.0,0.9460426715353645,1.0,-5.735997711139539
-0.8703399586198771,-0.5907375676914214,-1.0,-1.0,-0.6304365039616976,0.6673452258098973,-1.1999031233699442
1.0,0.9548580346531255,1.0,0.1471342882323725,0.2068933193324763,-0.6249054267015275,-0.28948469141628796
-1.0,-0.6777601769771191,-1.0,-0.705088460411238,0.41685208847718913,0.11507891922625801,-4.375797857675208
0.2138575833762535,1.0,0.5105267744865947,0.9654669673809063,-0.8286573897479917,-0.21242276842947083,0.8946123146936009
-0.30746133283888505,0.6462336840635523,-0.8019599585924095,0.8295377978201802,-0.09376154650195068,0.39547417252309747,0.2759850494816749
-0.2517833091798528,-0.3727263029961534,-1.0,-0.21421631727571522,-0.06797346593549647,-1.0,3.017073398729222
0.5922339675943007,-0.28298529617242496,-0.3199646246192026,-0.5133862630819104,0.6021048173312809,1.0,1.6351060495503882
0.4648778869118,1.0,0.042068600397802636,1.0,-1.0,0.7396887088309891,5.068059663063022
-0.46988582600573947,-1.0,0.3432721619236411,0.009142128994161558,0.14105741672391792,-0.904748003312188,4.773176398438276
-0.000479285929121942,0.7163117016154603,0.19853040466044714,0.19228680703135587,-0.24102513012025006,0.8238033553088597,0.8554787890538245
-0.6382448506871687,0.3250007437706612,1.0,0.8378236932944942,-0.10340498770805562,-1.0,1.8655389496879544
0.8284593884776508,-0.3744950899879312,0.3181667807997729,-0.2751414566000425,0.5238016105285447,0.26655378780419103,-1.2975581023849214
0.3890651072754305,0.1980791204388688,-1.0,-0.21847131956024513,-0.7431683990958293,-0.945926409309837,1.1823249625500714
0.4820182053353006,1.0,0.6560246998435046,1.0,0.16048782337914808,-0.5228438103542041,-1.4189208003574652
0.694332664347578,0.43349630072779743,0.3009162933635612,0.733044997889108,0.1513923582069801,-0.4057206386772251,0.22724376179524702
0.8867650352477743,-0.06919033649838013,0.6097846001738984,0.048217786723518175,1.0,1.0,-1.1894595261949208
-0.7011850238757018,0.5157602976355754,0.5240807231842353,0.06594616422382427,-0.8424523723510495,-0.5864101023395176,-1.6976011609510118
0.5113586797684392,0.5750346789302622,-0.12107328807184747,-0.1732600538809868,0.3376280858048484,0.22841918003162065,0.15275393171432738
-1.0,-0.0002525344274321162,1.0,-0.7627563528111204,-0.47300730110189226,-1.0,0.870829990847138
1.0,-0.9505442086336131,-1.0,-1.0,-0.9742273139207669,0.8108585529451576,11.376597834860076
-0.8673377993496618,-1.0,0.9284014353054073,-0.1755446325103398,0.003543558960661941,0.244899093992756,0.8988750730626567
-1.0,-0.35078594603556645,-1.0,-0.07506849412049399,-0.8705790175053019,-0.6035710500309056,-1.1872571835035797
0.16479236511598447,-0.3734805914320119,0.20459843359745622,0.13799089912594498,0.4476007700199529,0.23673158382799458,-0.7358682122979018
0.10544998722546567,0.5449679109966321,0.08159865633708208,0.9333165483681765,-0.030127519224174337,-0.8665458348956394,3.0785704161396086
0.8095187418904479,-0.8750515509570148,0.862008005142884,-1.0,-1.0,0.12997279346337393,9.100161895826115
1.0,0.7714790322830516,1.0,1.0,-0.5454741801542331,-0.5361456634190024,3.964480053709981
-1.0,-1.0,-0.31630543211050843,-1.0,-0.24331082416789873,-0.4723684793759484,-1.003697809651079
1.0,0.5371003557037386,-0.5150249496063409,-0.18276866513085321,-0.3838999931313236,-0.008746506374361918,1.8577656401673242
0.22840504926237426,0.09920051529207191,0.010671824478496017,-0.1726470761959736,-1.0,0.25425444660691476,1.1094801513308736
-1.0,-0.36443385922085714,-1.0,-1.0,0.11498687142654274,1.0,4.15304522192883
-1.0,-0.15398136666886852,-0.5434223098123505,-0.36247147994706386,-0.6241095293990981,-0.16321339351068398,-1.3728345787208784
-0.8672549184144057,0.13866833517817562,0.14726308797403198,-0.4381622324293875,-0.8867571726725408,-0.09497815331351744,-1.162449600042656
0.43053133472878596,-1.0,-0.901753765247916,0.45885660915524124,-0.5351400717469419,-0.8761704522389417,0.18477875543387484
0.6598138529634179,-0.8145528697372392,0.12285018416517715,0.05789424058934198,-0.3465168986771081,-0.7810135861457237,4.879145098079917
1.0,-0.6509204034471503,-1.0,0.5706709389425102,-0.1729216469696243,-0.1582545620246509,0.6519368574745308
1.0,1.0,0.6859961675356965,0.9970760696958767,-0.11682741060540708,0.5869293876486222,-1.0359611731399854
-0.6294179482665208,-0.450579792104266,-1.0,-0.41212905532015465,-0.21217769185295698,-0.04653882732344128,-1.9814578209790912
-0.2836592647558539,-0.9005752200022334,-0.6227065375123982,-0.5577806116911271,0.34625149951802114,1.0,1.6464667519238003
0.2843896240361232,0.4152720183507342,0.7620878945102395,1.0,-0.80626022408866,-1.0,3.1029761517788694
-0.3890684140890749,-1.0,1.0,-1.0,-0.6321485938038949,0.3749533734865356,-0.19051095656255157
-1.0,0.46909390991220296,0.06985235946337695,0.4283388824066333,-0.6011502827051657,0.6402328056744608,-1.937278378433343
0.8397894390949441,1.0,1.0,0.9917931639534256,1.0,-0.20052471371963654,-6.2867473785316506
-1.0,-1.0,-1.0,-1.0,0.6743467273736878,1.0,-2.285141889092078
1.0,1.0,0.4390774141105622,0.9003660963175308,0.859250398569884,0.3678132411479787,-3.924726704470904
0.8217975160917621,-0.7323539704956965,0.3889109499210929,0.9696896853714669,-0.603817723435066,1.0,6.53571913852645
-1.0,-0.213178542071098,-0.2709348153975357,-0.0925955659008526,-1.0,-1.0,-1.2874122381370068
-1.0,-0.008521123554626198,0.08504390925047034,-0.42773714648421324,1.0,0.5804859282347126,3.301140755910162
0.08241202413299714,-0.28116250222882466,-1.0,-0.6933998661031748,-0.15796955960824954,-1.0,2.639603935402263
-1.0,-0.5609926153076519,-0.5139149236034601,-1.0,1.0,-0.32710617380968177,2.6680294729502365
-0.696500042637721,0.23366271318821674,-0.16124874287356505,0.8484624965409434,0.48902360550086693,-0.33453743127341584,1.1329997783993657
-0.31906743134484084,-0.17964979205812753,0.010072336275111782,0.870254642536944,-0.6268661983943085,-0.9925576763918948,2.568962785087159
0.6629610678117543,-0.20831329713597746,-1.0,0.7443532487409921,-1.0,-0.5933434109388529,1.6613431612770684
-0.09261455646137862,-0.9960173417770573,-0.4553215176818035,-0.38146015295805513,1.0,0.6741874766852187,-1.0937524298458756
-0.04097109062886273,1.0,1.0,0.8505253620703678,1.0,-0.8410639021778024,-3.784824229194928
-0.2197047148625504,-0.4144622568589481,-0.905885096304722,-0.40624573861543006,-1.0,0.9587048998122218,5.177239976529881
1.0,1.0,1.0,0.9180878854001118,1.0,0.14527744721433034,-8.050272664293185
-1.0,-0.2580861135194854,-0.25272942910283414,-0.13712234228993284,0.9456949565728501,0.9151217348636371,4.588299411239227
1.0,1.0,1.0,0.4149548883726932,-0.7944463640966315,-0.8413450505122908,4.128107170131922
-0.7091973696742122,-1.0,-0.4844671481069107,0.6294071490386008,0.0896466646765991,-0.059875979185695094,-1.7082764212438948
0.6458775359340625,-0.06433373530704345,0.08585430106006925,0.8629319725265724,-0.4873392816023727,-0.9983579118563384,4.903890159141098
1.0,-0.5660655868871093,0.029602958350608388,1.0,-0.8769666469755106,-1.0,9.47973349374127
-1.0,-0.7662390323424229,-1.0,-1.0,0.5081234358099804,0.10850397727520464,-4.663452001328597
-0.23031411714617167,0.9887826872292068,-0.5771315564911011,0.7778039606353978,-1.0,-1.0,4.169532779407233
-0.8916476834956186,0.020424970553015176,0.4705501122951309,-0.2638276082824881,-0.27536419600556805,-1.0,3.0453330268092698
-0.9364307109222718,-0.3384997152708247,0.4352526961547971,0.59314848366201,0.38920207384119543,0.1279107998638882,-0.06634503813712123
-0.45356884007943643,0.20627814992208215,0.262134722402331,-1.0,-0.6299543328891696,0.15370235571695676,-0.16294947922362252
0.02130094564064211,0.14886239895535036,1.0,1.0,-0.8823245948475644,-0.9461944754202041,0.7012124094711332
-0.6265143974265769,-0.5671997015201687,0.21260543780093238,-1.0,0.7012595079287487,1.0,1.7127516904311708
0.7502087574830577,-1.0,0.03666526889104138,0.2968795654969559,-0.5367737437798796,1.0,4.2780002869908165
-0.2130759870556016,-0.6589514395139605,-0.37713713881172334,-0.863505941404566,-0.2836186974700754,-1.0,3.6785453641175767
-1.0,0.5018855094014765,0.6285673485718641,-0.7545159943016655,0.48796168147879093,-0.41788678380458527,0.7465910016558113
-0.17622959174840547,0.4330700805656019,-0.7770771136501058,0.49383159739196936,-1.0,-1.0,2.0571156565573707
0.9451057797804723,0.2251742325658288,0.6647598257045813,1.0,-0.4115279628359076,0.44206332311848273,0.12224195735523319
0.8442967794492711,1.0,1.0,0.8593444305169443,-0.3759193605212217,-0.5948576647171602,2.1145025512000153
0.10325327123407038,-0.36246089204908755,-0.8143430870606787,0.6612149874048419,0.061911643943180605,0.07721441704662524,-0.32813618001935113
-0.942539070402624,-0.5289441576237393,1.0,-0.2192607318748847,-1.0,-0.09794089393299865,-2.2684227411167317
-0.11226233669098079,0.7030621615524831,0.5837513327763914,0.409065647803062,-0.2916320721476956,-0.9990973375917023,1.6649204820418877
0.2031189384770532,0.5155044698327753,0.04605146049921294,-0.6478691629176371,0.31667697751836554,0.6842410876390017,2.2186597278810165
0.22998171018051172,0.39903398640962146,0.8328099791287223,-0.03804735713080798,-0.6133099597017144,-0.4409886711050526,0.1892451691014927
1.0,1.0,1.0,1.0,-0.09166431308427947,-1.0,2.792117576600859
0.05886279736825156,-0.09469317722483098,1.0,0.26738425458401693,-0.9789594262452788,0.7757242944539802,-1.2244309855153594
1.0,1.0,0.3321197002316902,1.0,-1.0,-1.0,11.013989253790463
-0.5532267374253818,-0.6451032863426704,0.43109512940673855,0.0037313523514347913,-0.3224646672851583,-0.7180005160859002,2.953086517133385
0.4730025811074381,1.0,-0.37462340523501825,-0.6526087073936164,-0.35767975613582653,-0.9525569828614076,2.3036692588170156
0.31878538040669563,0.5643696785265245,-1.0,0.9785674290311833,1.0,0.5951317210953693,-0.03687860139379284
-0.9001810186657917,-0.821913451349056,-1.0,-1.0,-1.0,0.5667699848464162,-1.9829726720188308
0.7680777374220719,1.0,1.0,0.16404867277738122,-1.0,-0.9329219163279605,1.8449258770382586
-0.9321079958262195,-0.10229131915641926,-1.0,0.6903427305091829,1.0,0.7844403662710766,5.9458652724536565
0.7999495310144444,0.44569214332392076,-0.11077915143923625,-0.9220937966174466,0.9050752585415878,0.7294391994629592,1.5143668519563223
-0.8215688138939868,0.7508279599232958,-0.0025108357522334313,-1.0,0.3664185067313126,-0.21286739156249965,-0.17426615284106894
-1.0,0.7057466303579747,-1.0,-0.2805150044254484,-0.02709103084905279,-0.02979928158047007,1.953354791457214
1.0,0.501943807344499,-0.2686899863823212,-0.6358108154182486,-1.0,-1.0,6.107517865568319
-0.9996191924896082,-0.8963759351485547,-0.5735140993231209,-0.28519774646165086,1.0,-0.24192852564458023,0.43245519667070587
-0.2949508115696762,-1.0,-0.10016843840073919,-0.61841795081952,0.5817433429487071,-1.0,4.8598820759235695
0.04582416366922343,0.5145795964359726,-0.8776410248394824,-0.5446020474530056,-1.0,-0.48128839816221236,-1.3545625435801563
-0.5210269949781683,-0.355747272502769,0.9912001936557344,0.6181404616716188,1.0,-0.11471647253137507,0.4510636956080955
0.18581144755561407,0.3517147713851194,1.0,0.8758124918278363,-1.0,-0.3888039340182643,0.6639034682939482
0.07099476575834673,1.0,0.9040470933489508,1.0,0.37331534587556736,1.0,-5.428110096281247
-1.0,-0.8918131808118639,-0.26182394304546797,-1.0,-1.0,-0.2551590731874851,3.484375063116144
-1.0,-1.0,-0.007540210431008387,-0.6890558497591546,-1.0,0.028155372129931508,0.011315214755403397
1.0,1.0,0.7506873302953267,0.956844098462535,0.9044405670117588,1.0,-4.40505160412792
1.0,0.5577618926997867,1.0,-0.3809426120660339,-0.21963693792950337,-0.011795087714944308,0.22392869462136245
-0.9134111182539764,-1.0,0.2308520974948423,-1.0,-0.11964318951143982,-1.0,5.323049665079949
-1.0,-0.9359096646960879,-0.5516227743796992,-1.0,-0.7366368203322676,0.8720059475490705,-1.3698359588613997
0.5522647060569634,1.0,1.0,0.12803488154940768,-0.14390069668391187,-0.47569922370128803,-1.2055895167958643
-1.0,-1.0,0.3908661287747045,-1.0,0.5727791976342876,-0.0028516984302115744,0.5830360283453939
0.46318642832796375,0.16701298849030877,-1.0,0.5825256805944448,1.0,1.0,3.7120305919797048
0.02944808426777029,1.0,1.0,0.5551033283265772,-0.4828227201776767,1.0,-3.936092883011683
0.48468209113447347,0.8263731142346249,1.0,-0.8157536616261374,-0.6179294911878892,-0.01333802195015693,-0.5891794463912254
-0.43184542335144616,-1.0,-0.06814382005993602,-0.08797138506367852,-0.20105301659979824,-0.058003769646515164,0.3740395750444986
0.738523653582471,-0.09303411438381692,1.0,-1.0,-1.0,-0.5188568830716049,4.218272269446906
-0.11623798845574518,-1.0,-1.0,-0.9466960186885869,0.5590060491699427,0.03498939251458216,-3.890961268197166
-0.49966971137804966,0.1769483997115613,-0.03005274900196525,1.0,-1.0,0.37472907050774795,-0.014256887071346536
-0.5792184866053876,-0.44041701391842025,0.05614791940496511,-0.5588210908855986,0.4733442589549597,-0.9765653808834869,5.332033861628697
-1.0,-0.35716433803776676,0.7836403715102803,0.7360234285746994,-0.3058045018669554,0.12103010435230277,-1.0163891316256537
-1.0,-0.05755106880976718,-1.0,-1.0,0.1475353470257616,-0.16835023685157774,-1.577915976720242
0.08443283123569854,-0.7336394563239839,-0.9710325665789701,1.0,-0.21756053044879825,-0.4242880946282691,-1.7433161236067523
-0.2900227006068035,0.38971205242865636,1.0,0.8423588733099362,-0.23314296405051527,-0.053316753177282794,-0.6896286499420012
-0.6454931824426399,-1.0,-1.0,-0.4557367922251907,0.07261374173829305,1.0,1.4177618452008534
-1.0,-1.0,-0.4835684919514137,-1.0,1.0,0.7521850937046772,0.06353015324566824
-1.0,0.15887543173534874,-0.3567404255457439,-0.4202109185553293,-1.0,-0.04685914813596481,-2.567908922012819
-1.0,-0.9176633631440116,-0.37567737816987495,-0.7408823392052303,-1.0,0.9991834871732792,0.13876819812560892
-0.6882443808785403,-0.6948102483321427,-1.0,0.1380698868963416,-1.0,0.09637822287369402,-3.4719734440016388
-0.8240731784660642,-1.0,-1.0,-0.4453041040958772,1.0,0.4604584474669835,-3.3160275132741193
1.0,1.0,0.7213148122973088,1.0,-0.5223913979573471,0.13781502720000266,1.5769257843586182
0.3185406070912826,1.0,1.0,1.0,1.0,-0.16630795718094415,-5.897171906915489
-0.7472089296143577,0.01906712980298967,-1.0,-1.0,1.0,-0.5988581728596769,2.0094546091639462
0.17594587032789455,-0.08560517689810693,-0.22255882007977867,-1.0,0.5447365484845819,0.2203271033452343,0.535390435112173
-0.8209100990783712,-0.015495694224952006,0.18141027115179137,-0.01096792628992671,0.2914985845799456,0.9711211002835003,1.5680461738609293
0.8014449489997262,1.0,0.1403479251291273,1.0,-0.31517553641550805,0.9732857267207959,3.708997138769762
1.0,1.0,0.8096821374594398,-0.37132055578520184,1.0,-0.8061263876240545,-3.156739383332201
-1.0,-1.0,-0.09897159730596505,-0.8471125053825057,-0.6330529062434151,-1.0,4.769579979069245
-0.7919889122094312,-0.2357644124802576,-0.8485401329517327,-1.0,0.17263635067010596,-0.8395672907135594,3.560716763762406
1.0,1.0,0.5525544873371804,1.0,-0.010964559556916331,-1.0,4.293441192328935
-0.17719301733258702,0.12894020240747403,-1.0,-0.18902916973321468,-0.14360327293860853,-0.25114970180059165,-1.0852310399904825
-1.0,-1.0,-1.0,-1.0,-0.08897658519829821,-1.0,3.566748480368037
-1.0,-0.5262443678621862,-1.0,-0.2743682423356091,0.34938640420461464,0.8906663031031675,3.783974454724641
-1.0,-1.0,0.5430814509119688,-0.34991210323718186,-0.7981730767950872,-1.0,4.260463986422166
0.2060203755617841,0.10415590446298972,-1.0,-0.27009503573884985,1.0,1.0,4.677829153716852
0.8408331144910617,0.18308335716831414,0.592893265657471,0.38617987470280646,1.0,1.0,-0.40673561741693764
-0.6696483040785535,-0.8456441162056376,0.8180804191447852,-0.21606496485772353,-1.0,0.1281635064767617,-1.1626120057068174
-1.0,-0.4018265240244727,-1.0,-1.0,-0.20662208720604747,0.24698489982033042,-2.8626239234518382
-0.4066722581848794,-1.0,0.09930441609935636,-0.4906056597202186,1.0,0.007508189700033058,1.2493086068414754
0.9354897739275744,0.10372981266652215,1.0,0.43685672656771657,-0.9214727519805644,0.2722872157215941,2.8920241764039623
-0.9847921897461371,-1.0,-0.2845978307382233,0.23190524447347538,-0.7194407546269703,-0.6596566566037225,-1.36078807686843
0.6081103725336358,-0.13750810002769243,0.8146439594964319,-0.7293130186417864,1.0,0.2483446408593002,-2.4855256694013885
-0.793512390769965,-1.0,-0.779011797794923,-1.0,0.3896258218039257,-0.8803909885407799,0.7207130838525323
0.24719719997877965,1.0,0.0013582455298155605,0.874602507027021,-0.887464860795145,0.9545291727704388,4.544226064061195
1.0,-0.4261503174109157,0.4911964141599695,1.0,-0.5780009704350321,-1.0,8.473955618437916
-1.0,0.5530008015653664,-0.7379732791194507,0.4565274824112679,0.2808262818394801,-1.0,4.918772619934687
0.008250087699530728,0.5562993340543796,-0.4749489828621341,1.0,-0.2119756929821186,-0.26768593087786563,0.26544297908449194
0.49612652230527376,-0.4306890604240498,0.5213281933386313,0.644026284534487,-1.0,-1.0,7.217175547494703
-0.1971819866078679,-1.0,0.10823041631773755,-0.06508354776589947,-1.0,-1.0,3.4618400291401437
-0.5703532347292417,1.0,-0.3728179097875589,-0.4781736078850488,-0.08980357650187654,0.22520315196973612,0.587856829749954
-1.0,-0.2071363832415979,-0.41586774668619775,-1.0,-1.0,-1.0,0.39896437057308554
0.6303281419969304,1.0,1.0,1.0,0.6186158052529676,0.4093251297466931,-7.496101374139635
-1.0,-0.491363125105826,-0.2647922866066844,-0.7049407367661232,-0.3729244089177277,-1.0,2.7507002833844654
-0.35917195679062475,0.2022882657227485,-0.28954161577514237,0.09586559518356594,1.0,0.8223225941333165,5.323781650638942
-1.0,0.6519082995281631,-0.6543767750740139,-0.8526778751678034,-0.430412276193223,-0.6418809253786537,-0.35120022466708883
0.92266745222636,1.0,-0.5260723813619337,1.0,1.0,1.0,1.4540315801839387
-1.0,-0.7982222413763733,-0.4350890545436552,-0.26783222735648526,0.26001930530632855,-0.1537682087377007,-0.1402770302283575
1.0,0.9680537694572937,1.0,1.0,-0.9519582160356928,-1.0,8.675234096342338
-0.03856599421112572,-1.0,-1.0,-1.0,0.29789574853453843,0.8024700520306364,-3.0646761222130094
-0.7259670188244053,0.9351985295952372,-0.8840584432010048,1.0,1.0,0.054878781337758475,0.2306404446912305
0.3415713466089685,-0.3044824405583557,1.0,0.5369034625171162,-0.0729715282869523,-0.28111386813394124,-0.38690884683335064
-0.6091405017471311,-0.6212418308255605,0.25689019209869857,1.0,0.5986050244529786,0.8730384157430855,1.4755084934935523
-1.0,-1.0,-0.40100854399379116,-1.0,0.5031353556717657,-0.8457753156610084,3.191375561294705
-1.0,0.5305963981744012,-0.7790691702218566,-0.9856129342382796,1.0,0.21035595483352676,2.4599998995646035
-1.0,-0.42097158992681233,-0.9436172122874987,0.02837066565643842,0.2901255614270448,1.0,6.467049954830601
0.11844753240032703,0.3557307458752597,-1.0,0.8619827746126825,-0.838568959984016,-1.0,2.529042825844729
-1.0,-0.4477121649543543,0.9929564322448158,-0.8314231310584645,0.56877826129006,-0.7048478502620108,2.4236725080183286
0.14016990997301804,1.0,0.7609019753675268,-0.3807842978122543,1.0,0.16904392769054333,-0.6729957102857127
0.775485879662356,-0.34475432436534603,1.0,-0.23379925497345166,0.5261082938429794,1.0,-5.399209152653013
-0.2726797715325553,-0.17688251331564975,-0.025690967428070532,-1.0,-0.5824581867186129,-0.838917382596817,2.2334759647624938
1.0,0.42168010159162417,-0.5042832946201284,1.0,0.3248602335440899,0.07192585631446691,-1.2776401775039599
-0.5749477016444313,-0.23931037389502063,0.18054678842445293,0.02085338715618923,1.0,0.07176331129918623,1.3292636809098552
-0.8248995763970529,-1.0,-1.0,-0.5275462310234205,1.0,1.0,2.047730860488835
-1.0,-0.6600145739102207,-0.32980388225642,-1.0,-0.5166294859823033,-0.042219993987221094,-0.6052070380444567
0.18768863268933944,-0.19549084038201248,-0.7524200299119957,-0.06991009192163146,1.0,-0.4080917255014422,-0.38336267276601244
0.7482855934278702,0.5232383566235792,0.3969271437169366,-0.21034715984307173,-0.645934449880184,-1.0,5.073775539786945
0.4950948376292116,1.0,-0.09561755740734593,1.0,1.0,1.0,2.982831145819107
1.0,1.0,-0.2981115971277001,0.9309839214333051,0.7257904555329907,-0.7625022375456872,1.0111880085796874
-0.03124389119811818,0.952064832276153,-0.7755679624148717,-0.527963999126503,-0.8527417345644916,0.13392025519552087,2.4557114213429347
0.8175812838803114,-1.0,0.6458663957381399,-0.5978653248515846,0.8092129325442611,0.9677539948592395,-3.400567095752662
0.35355070601231064,-1.0,1.0,0.023398087463017248,1.0,0.5377881031665208,-1.3674126613036677
0.5716602359302798,1.0,1.0,0.6987805902955793,-0.3298633599892422,-0.6510124197968628,0.9666717443804691
0.839297548815921,0.3586072907484049,0.8134611094826789,0.22197165596864366,-0.3532060637877211,0.6808186465308002,0.7209418182330194
0.11097738501440035,0.8440603885033123,0.7010613314016689,-0.34690392120847025,0.19784016355238365,0.4862526377930279,-1.0792903929925024
-0.5597303031070918,-1.0,-0.975290522728033,-0.4437666640243956,-0.2805591447989395,-0.3915034011157118,-2.5231725726355716
0.013119236531953016,0.8287106375052313,0.6286190477241115,0.5744981917021432,-0.6646556937775286,0.22169621559979125,0.5167858297186585
-0.1666294564668349,-1.0,-0.15608738232189534,-1.0,0.1913526465681652,-0.2746232663953101,-0.24635319433832448
-0.6389866728237104,-0.6135728260835969,0.12490374464240696,-0.6838021589436505,0.9876204923806073,1.0,3.3431850586106133
-0.19015055372325163,-1.0,-0.9177899157541833,0.5622955423229797,-0.8724156323151541,1.0,4.352755025778508
0.06966046616204162,1.0,1.0,-0.43077445530973496,-0.02061441888606408,-0.40958219422099496,-2.7067937009586154
0.29354250408213867,0.10955336624037226,0.8665712269419549,0.4361939620291185,0.6212706199892968,0.5830520758508219,-1.611882540752087
0.016487767483344906,-1.0,0.1906368440845585,-1.0,0.00942974429670379,1.0,-0.18712065409698014
1.0,1.0,1.0,0.16159768281561715,1.0,-0.1700962437805759,-4.656813420638887
-0.019441294973499668,-0.5258472089725972,0.11574674427165246,0.1583243184892132,0.3692014311581784,0.31287701816093016,0.0787484172422216
-1.0,-0.8687401630249056,-0.4069511718621963,-1.0,-1.0,-0.91291319923651,3.9043253408147494
1.0,-0.7745794489971304,-0.9230762933516977,-0.39292387499082826,1.0,0.5279131864282554,-4.758662354670447
-0.6120258874676574,-1.0,0.03532167813502507,0.07395515218581683,-0.1038867868441874,0.016488598758323675,-0.22346494294040511
-0.9805790092077857,-0.7790992391546645,1.0,-0.5941571736510948,0.08100010361803789,0.24364423281371103,0.2477599162426849
-1.0,-0.7742098789811045,-0.9763133258088486,0.11089494600780736,-0.6368339804680346,1.0,2.7090927680445365
1.0,-0.19856946075748705,-0.5160244700842385,1.0,0.48422146425923995,-0.11411581533292536,-0.5198873130947564
1.0,1.0,0.452399174134696,0.17812693387214518,-0.9539133136152451,1.0,6.250818233185123
-0.6481314355116922,-1.0,0.462286970495302,-0.012562073555809072,0.8682809698944642,-0.39143653508609977,4.180227876241937
-0.7504125663476422,-0.3873351169541279,-0.8167050980586239,-0.12155039864499462,1.0,1.0,7.4519599315547085
-1.0,-0.15423701716090066,-0.037233871743687086,-1.0,0.5399010092879297,0.4205343318855783,1.1539460110413247
-0.052117969384225415,-1.0,-0.9312678478678522,-0.9149225288597084,-0.6863292430666437,-0.21551787585283944,-0.665889642816504
0.6970313217767279,0.2350034708560529,-1.0,-0.5977287526890132,-1.0,-1.0,2.0766258264959916
-0.1431932731990626,-0.9444344962034549,-0.528676410104846,-0.48330936729093643,0.4931752267183733,-1.0,4.396425906622739
-1.0,-0.6138461092058829,0.21387721281355987,0.10857968095492086,1.0,0.18785049791832686,2.6909051530725834
-0.5775514640895976,0.5142077947588083,-1.0,0.8863954464107514,-0.011542723388195031,1.0,6.81715682014019
1.0,0.6601219652603696,1.0,0.995942277757985,1.0,0.24881452124600822,-6.866869914549599
0.527561806445112,0.09899485697779054,0.15529721499959065,-0.11860375201487261,-1.0,-1.0,4.190868790367931
0.17843990989787167,0.8705460205940572,0.22325220327678658,1.0,1.0,-0.1738353151476666,-0.8389699662804937
0.09625008650901223,-0.23560128352425,-1.0,0.050846459781537234,1.0,0.5845569636110179,2.0371517231016685
-0.20613359772665543,0.4577564625075635,0.04492551889119298,-0.2286845243063625,0.21345128891714182,0.9372151367029371,3.2485848403315734
0.892758451440451,0.6278712774786486,0.37191132458143483,1.0,-1.0,0.42656949593329185,3.685847600585147
-1.0,-0.15898408234138256,0.08160952218024631,0.9992215138883014,-0.8661506796010302,-0.31168269404096505,-0.3914049256582135
0.23877259837285658,0.819110902576698,1.0,1.0,0.1418305443185548,-0.36061261812198053,-1.9404798639242626
-0.21449212531541828,-0.25915152135792424,0.6996429887087894,-0.4247328904172639,0.7943168052955312,-0.6669219325098357,1.579733231878411
0.09766375847522224,0.26798840023957315,-0.04900286970886247,1.0,-1.0,0.660024412220468,2.418951235811093
0.3342482882289619,0.98162082422879,-0.22253350686965617,-0.6397807631192428,1.0,0.5339730943063932,3.0274059344130952
-0.1914925883220414,-0.6356795493114724,-0.900712440306617,-0.3484790340829932,1.0,-0.23314466361885344,-1.623381833344611
1.0,1.0,0.7628205555797805,1.0,-0.19570056391521612,-0.062274448496130286,0.9788857886938022
-0.4920677945122837,0.4252605152020944,-0.9863747056213481,-0.6751546697859547,-0.9704765907415668,-1.0,0.07863205269978202
-0.020921806449519575,-0.8769299861932282,-0.1137116171373658,0.7941246527759969,-1.0,1.0,6.934864667903488
-0.6042085493360518,1.0,-0.7121093117344942,0.9196035154536295,0.531700399821541,-1.0,2.9715945810560274
-0.3570939771297885,-0.18334064635411274,0.627739921054563,0.016366410608694246,0.13135209747167997,-0.15576571748633905,-0.19157718099200055
-0.4281187903972499,-1.0,0.11702729044209825,-1.0,0.9651889262425529,1.0,1.5324999429512838
0.6582597823004597,-0.6949508335776738,0.2672098124285637,-0.8073257206919353,0.5012295718184165,0.6744369090827659,-1.5751850020785556
1.0,0.2710855372774631,0.5715644189248009,0.9779042261531875,1.0,-0.7611416066496144,-1.3056270322632624
-0.49572579531430394,-0.38297595400741336,-0.602075534479201,-0.3979785531360708,-0.7748952421656081,-1.0,1.837683630774536
1.0,0.31696332201835836,1.0,1.0,1.0,0.28396215412109216,-6.293524098757512
1.0,1.0,-0.06293321121939632,1.0,0.22229316447998348,-0.3376386379198133,0.11997824144359859
-1.0,-0.07190734405485033,-1.0,-0.48933547575179537,0.5887601394865533,-0.24638735607566198,-0.7108922801017027
0.45658091661433986,0.012168117336224693,-0.3487767437522287,-0.679901805501709,-0.42874891073416255,-1.0,4.094556779422091
-0.1693858168194879,-0.4062280228729154,-1.0,0.6765579018155213,-0.8161412514560641,-0.3682455242775461,-2.088640009699707
0.1392103148918966,1.0,0.20035073779733403,0.8265233152121143,1.0,0.34667242587594593,-0.8698773511653111
0.44674003800316003,-0.38789679510947306,-0.08968335068206773,-1.0,-1.0,-0.46030748519261533,5.602248435290487
-1.0,-0.3400940308942799,-0.5366229378187573,-1.0,-0.29496918094349434,-1.0,2.718694916403384
0.7750831324942369,1.0,-0.013849059205759628,1.0,-0.45982704531377333,0.2818111294490545,2.6086554255888696
1.0,-0.19494727401223333,0.12767216957011007,0.054831016759544604,-0.541657686027167,0.5104456438610816,2.3240223391150368
-1.0,-0.748738181505103,1.0,0.3404229141575059,1.0,1.0,-0.15753840818155512
-0.601151933396292,-0.30688971700892115,-0.3406468629454229,-0.7205939532431838,-1.0,-0.6523396799830219,0.6997184324985308
1.0,1.0,-0.37327581640143526,0.9158203341150403,0.4502665535291011,0.44090828129437265,-0.1321557583391622
-1.0,-0.5636492559220805,-1.0,-1.0,1.0,-0.4753788593994112,-1.036897942105913
-0.3193605114693705,-1.0,-0.6835808987451919,-1.0,0.8909810055990754,1.0,0.501800275457257
-0.46233702975861546,-0.047798161642313874,-1.0,-0.525081966739449,-0.1738289470784374,-0.7217803011887105,1.8365385101625145
-0.8721549988554609,-1.0,-1.0,-0.9034584327842397,-0.6985067662367748,-0.8480391651904029,1.8014945788318217
0.8443328900487024,0.1320514731059228,0.46762347352075007,1.0,-0.02410767982050699,-0.9497930871400484,5.11594511646068
-1.0,-0.17347161987608728,-0.732154982701879,-1.0,1.0,1.0,8.130470867646745
0.8017356608216168,1.0,0.3225934849699781,1.0,-0.43358829602138227,0.49543270563926467,1.6784870075240446
-1.0,-0.742695559092343,-0.10526548929261237,-0.9703892099969835,-1.0,-1.0,4.349778522361431
0.36691596319111164,0.9184303094970331,1.0,1.0,0.052112641541481874,0.2145246610503566,-3.062996715139715
-0.5080249177630295,-0.008684418657468496,-1.0,-0.8491496777341903,0.2742700740270785,1.0,6.309627848533093
0.28472707271519915,-1.0,-0.802272926712079,-0.3519285484938308,-0.6604321831556259,-1.0,2.9967444247267947
-0.3156407179383843,-0.5795871766394249,0.27023891327729327,0.022360447115594706,-0.11426494695474321,0.6090992842672736,0.2069641350195512
-0.6074227526598583,0.46837420954616377,0.6377518161802234,-0.19063728411568204,-1.0,-1.0,-1.6124477331036284
0.4522560538320104,0.7420710578131546,1.0,0.849658531221209,1.0,-0.7466906353125842,-3.786130628907596
0.5641918400574788,-1.0,-0.5393278547865394,0.9329201569999017,-0.5646319392117214,-0.2785626796199857,0.9207666054862657
-1.0,-1.0,-0.33239624287350633,0.6779439472970699,0.6661488112517416,1.0,3.563019696447505
0.9586671362206223,-0.054307251159960546,1.0,1.0,1.0,1.0,-6.388652341776537
1.0,1.0,0.6412820221215587,0.5394175961174486,0.10329830183071098,0.9630648570299155,-1.4384412930915533
-0.31747279575263054,-0.7741693997488873,-0.11625037879564276,0.6988506694093527,-0.16951074636414892,0.14531281797660522,-0.06186259228606833
0.36404106160695326,1.0,0.47762634819016847,1.0,-0.4278329307623583,0.6614783926884896,0.11928034538698312
0.034274890774485645,-1.0,-1.0,-0.5848728877683909,-1.0,-1.0,3.1936889112798097
1.0,1.0,0.4163928093108419,0.7897621151453478,-1.0,-0.363740040211078,4.626818616955268
